2638698,Saint Stephen,50.333328,-4.9,GB
2647240,Headcorn,51.169659,0.62433,GB
2649322,Fleet,51.283329,-0.83333,GB
2633993,Whyteleafe,51.308079,-0.08429,GB
2636716,Stratfield Mortimer,51.37339,-1.03495,GB
2655627,Birchington-on-Sea,51.375751,1.3048,GB
2635150,Upminster,51.555939,0.2556,GB
6690806,Cranham,51.565651,0.2659,GB
2639583,Rayleigh,51.585709,0.60459,GB
2653256,Chepstow,51.640869,-2.67683,GB
7303225,Headwood Bolevad,51.677078,-0.43825,GB
2647108,Hengoed,51.650829,-3.23167,GB
6690591,Little Chalfont,51.668289,-0.57038,GB
2652941,Clare,52.078609,0.58167,GB
6301921,Kesgrave,52.062408,1.2365,GB
2641591,Newport Pagnell,52.087311,-0.72218,GB
2636749,Stowmarket,52.188931,0.99774,GB
2649568,Feltwell,52.485809,0.51945,GB
2634010,Whittlesey,52.558041,-0.13016,GB
2647242,Heacham,52.907822,0.49387,GB
2634493,West Bridgford,52.92979,-1.12537,GB
2654141,Buxton,53.257408,-1.90982,GB
2634375,West Kirby,53.37302,-3.18417,GB
2642204,Moreton,53.400002,-3.11667,GB
6620310,Didsbury,53.416981,-2.23145,GB
6691248,Chorlton cum Hardy,53.435051,-2.2631,GB
2648405,Glossop,53.443249,-1.949,GB
2637435,South Elmsall,53.597092,-1.28034,GB
2637958,Shipley,53.833328,-1.76667,GB
2655459,Blackpool,53.816669,-3.05,GB
2650517,Easingwold,54.119099,-1.19225,GB
2652676,Cockermouth,54.66209,-3.36086,GB
2643812,Lochmaben,55.130112,-3.44286,GB
2651048,Dover,51.133331,1.3,GB
2638717,Saint Neots,52.216671,-0.26667,GB
2645442,Kingsteignton,50.549999,-3.58333,GB
2637853,Sidmouth,50.690941,-3.2397,GB
2633373,Yeovil,50.941589,-2.63211,GB
2644993,Lambourn,51.508049,-1.53105,GB
2644577,Leven,56.200001,-3,GB
2654728,Bridlington,54.083061,-0.19192,GB
2646828,Histon,52.251659,0.10643,GB
2649963,Epping,51.698151,0.11055,GB
2640526,Peebles,55.651901,-3.1888,GB
2640559,Paulton,51.304722,-2.50028,GB
2638878,Saffron Walden,52.023369,0.24234,GB
2643186,Maidenhead,51.522789,-0.71986,GB
2651930,Cromer,52.931229,1.29892,GB
2638027,Sherburn in Elmet,53.795189,-1.2466,GB
2653279,Cheddleton,53.069099,-2.04228,GB
2634573,Wellington,52.700001,-2.51667,GB
2644726,Leatherhead,51.295929,-0.3259,GB
2636928,Steyning,50.88744,-0.32787,GB
2643198,Maghull,53.51619,-2.94117,GB
2642974,Marske-by-the-Sea,54.591469,-1.01959,GB
2653346,Chard,50.8727,-2.96597,GB
2640045,Porthmadog,52.929241,-4.13137,GB
2633808,Winslow,51.942841,-0.88131,GB
2643071,March,52.551311,0.08828,GB
2647198,Heckmondwike,53.706459,-1.67747,GB
2653290,Cheadle Hulme,53.376099,-2.1897,GB
2653715,Carnforth,54.116669,-2.76667,GB
2657859,Abbotts Ann,51.189861,-1.53126,GB
2655664,Billingham,54.60828,-1.29214,GB
2654634,Broadstone,50.75,-1.98333,GB
2636531,Sunderland,54.904652,-1.38222,GB
2637487,Southampton,50.90395,-1.40428,GB
2637087,Stanford-le-Hope,51.522739,0.43422,GB
2637111,Stalbridge,50.958069,-2.37548,GB
2634617,Wednesbury,52.551399,-2.02355,GB
2651324,Dersingham,52.84549,0.50339,GB
2647261,Hayes,51.515789,-0.4234,GB
2636049,Thatcham,51.40366,-1.26049,GB
2641555,Newton Aycliffe,54.61842,-1.5719,GB
2635937,Thrapston,52.396751,-0.5392,GB
2649210,Forest Row,51.096409,0.03262,GB
2648372,Godalming,51.18462,-0.61725,GB
6693245,Knaphill,51.31892,-0.61541,GB
2644559,Lewes,50.873631,0.01133,GB
2651311,Desborough,52.44183,-0.82126,GB
3209953,Overcombe,50.63509,-2.43207,GB
2638600,Sandbach,53.145149,-2.36251,GB
2647461,Harlow,51.77655,0.11158,GB
2656947,Ashington,50.933121,-0.39087,GB
2645163,Knaresborough,54.009102,-1.46851,GB
2651561,Dalry,55.683331,-4.71667,GB
2652877,Cleland,55.802429,-3.9142,GB
2641599,Newport,50.701462,-1.29124,GB
2647644,Hale,51.216671,-0.78333,GB
2634755,Warminster,51.204342,-2.17873,GB
2634032,Whitley Bay,55.03973,-1.44713,GB
2654668,Briton Ferry,51.631062,-3.81898,GB
2652617,Cold Ash,51.424259,-1.26463,GB
2655785,Beverley,53.845871,-0.42332,GB
2635703,Tonbridge,51.192421,0.27532,GB
2638019,Sheringham,52.940781,1.20931,GB
2650628,Durham,54.77676,-1.57566,GB
2652997,Cinderford,51.824211,-2.4987,GB
2650732,Dunfermline,56.07156,-3.45887,GB
6620355,Bowthorpe,52.63884,1.21885,GB
2633708,Wokingham,51.411201,-0.83565,GB
2639912,Preston,53.76667,-2.71667,GB
2651181,Doddington,52.496712,0.06017,GB
2643029,Market Deeping,52.67654,-0.31629,GB
2646073,Inverurie,57.284458,-2.37736,GB
2649715,Falmouth,50.154411,-5.07113,GB
2637546,Solihull,52.414261,-1.78094,GB
2635022,Valley,53.284901,-4.56644,GB
2646658,Honiton,50.799599,-3.18899,GB
2646355,Hurstpierpoint,50.93388,-0.18007,GB
2642214,Morecambe,54.068352,-2.86108,GB
2643116,Mangotsfield,51.487801,-2.50403,GB
2647497,Hardingstone,52.213581,-0.88582,GB
2650122,Elgin,57.650002,-3.33333,GB
2633709,Woking,51.319031,-0.55893,GB
2642313,Monmouth,51.812649,-2.71363,GB
2636408,Sway,50.78685,-1.60294,GB
2647655,Hailsham,50.862202,0.25775,GB
2646525,Houghton-le-Spring,54.84034,-1.46427,GB
2651852,Crowborough,51.06044,0.16171,GB
2656792,Audley,53.049999,-2.3,GB
6695204,Barnwood,51.86393,-2.20087,GB
2634387,Westhoughton,53.548988,-2.52464,GB
2652861,Clevedon,51.440571,-2.85745,GB
6615542,Thorpe Hamlet,52.630322,1.31337,GB
2637034,Stanwick,52.331982,-0.56348,GB
2643064,Marchwood,50.88966,-1.4544,GB
2655777,Bexhill-on-Sea,50.850231,0.47095,GB
2643339,Luton,51.879669,-0.41748,GB
2640729,Oxford,51.75222,-1.25596,GB
2644411,Lisburn,54.523369,-6.03527,GB
2633858,Winchester,51.065128,-1.3187,GB
2652618,Colchester,51.88921,0.90421,GB
2651513,Darlington,54.524288,-1.55039,GB
2654675,Bristol,51.455231,-2.59665,GB
2634677,Watford,51.655312,-0.39602,GB
2651485,Daventry,52.256882,-1.16066,GB
2636841,Stoke-on-Trent,53.00415,-2.18538,GB
2636910,Stirling,56.11903,-3.93682,GB
2638926,Rutherglen,55.82885,-4.21376,GB
2653941,Cambridge,52.200001,0.11667,GB
2654710,Brighton,50.828381,-0.13947,GB
2637891,Shrewsbury,52.710091,-2.75208,GB
2650752,Dundee,56.5,-2.96667,GB
2641689,Newbury,51.40033,-1.32059,GB
2655562,Bishops Stortford,51.871132,0.15868,GB
2656719,Aylesbury,51.81665,-0.81458,GB
2644487,Lincoln,53.22683,-0.53792,GB
2650967,Dronfield,53.302212,-1.47507,GB
2646253,Ince-in-Makerfield,53.533329,-2.61667,GB
2644100,Llanelli,51.68195,-4.16191,GB
2637142,Stafford,52.80521,-2.11636,GB
2641430,Northampton,52.25,-0.88333,GB
2651123,Doncaster,53.52327,-1.13691,GB
2655984,Belfast,54.583328,-5.93333,GB
2650225,Edinburgh,55.952061,-3.19648,GB
2654187,Bury,53.599998,-2.3,GB
2640101,Poole,50.716671,-2,GB
2645826,Kendal,54.326809,-2.74757,GB
2637126,Staines,51.43092,-0.50606,GB
2655524,Blackburn,53.75,-2.48333,GB
2655613,Birkenhead,53.393372,-3.01479,GB
2656046,Bedford,52.13459,-0.46632,GB
2641731,Newark on Trent,53.066669,-0.81667,GB
2633352,York,53.95763,-1.08271,GB
2641557,Newton Abbot,50.52858,-3.61186,GB
2634739,Warrington,53.39254,-2.58024,GB
2644668,Leicester,52.638599,-1.13169,GB
2652002,Crewe,53.09787,-2.44161,GB
2643490,Lowestoft,52.475201,1.75159,GB
2641598,Newport,51.587742,-2.99835,GB
6698331,Blacon,53.208321,-2.9253,GB
2655138,Boston,52.97633,-0.02664,GB
2646458,Huddersfield,53.64904,-1.78416,GB
2641157,Nuneaton,52.523232,-1.46523,GB
2647632,Halifax,53.716671,-1.85,GB
2633842,Windsor,51.48333,-0.6,GB
2638664,Salisbury,51.069309,-1.79569,GB
2653822,Cardiff,51.48,-3.18,GB
2634451,West Drayton,51.5,-0.46667,GB
2643567,Loughborough,52.76667,-1.2,GB
2636534,Sunbury-on-Thames,51.406059,-0.4137,GB
2654264,Burnley,53.799999,-2.23333,GB
2636616,Stroud,51.75,-2.2,GB
2656235,Barry,51.40667,-3.26944,GB
2637330,Southsea,50.792049,-1.08593,GB
2640354,Peterborough,52.573639,-0.24777,GB
2639018,Royston,52.048321,-0.02438,GB
2639409,Rhyl,53.31955,-3.48862,GB
2645753,Kettering,52.398361,-0.72571,GB
2636177,Taunton,51.021111,-3.10472,GB
2646435,Humberston,53.530361,-0.02465,GB
2643003,Marlow,51.569328,-0.77415,GB
2652586,Coleraine,55.133331,-6.66667,GB
2634869,Wallingford,51.599819,-1.1248,GB
2636066,Thame,51.748402,-0.97624,GB
2654092,Caernarfon,53.141258,-4.27016,GB
2644531,Lichfield,52.681541,-1.82549,GB
2653192,Chichester,50.836731,-0.78003,GB
2645093,Knutsford,53.302891,-2.37482,GB
2653755,Carmarthen,51.855518,-4.30535,GB
2646393,Huntingdon,52.33049,-0.18651,GB
2657060,Armagh,54.349998,-6.66667,GB
2651831,Crowthorne,51.37027,-0.79219,GB
2635412,Truro,50.265259,-5.05436,GB
2645724,Kidderminster,52.388191,-2.25,GB
2636486,Sutton Coldfield,52.566669,-1.81667,GB
2653266,Chelmsford,51.735748,0.46958,GB
2654410,Buckingham,51.99968,-0.98779,GB
2654755,Bridgend,51.505829,-3.57722,GB
2638324,Scunthorpe,53.579048,-0.65437,GB
2644652,Leighton Buzzard,51.917221,-0.65802,GB
2656241,Barrow in Furness,54.116669,-3.23333,GB
2647400,Hartlepool,54.686111,-1.2125,GB
2656194,Basildon,51.568439,0.45782,GB
2647044,Hertford,51.795879,-0.07854,GB
2645889,Keighley,53.867908,-1.90664,GB
2639272,Rochdale,53.617661,-2.1552,GB
2657471,Alloa,56.11586,-3.78997,GB
2656406,Banbury,52.0602,-1.34029,GB
2647948,Greenock,55.94838,-4.76121,GB
2647570,Hamilton,55.76667,-4.03333,GB
2646867,Hinckley,52.538898,-1.37613,GB
2651101,Dorchester,50.716671,-2.43333,GB
2656039,Bedlington,55.130611,-1.59319,GB
2653775,Carlisle,54.8951,-2.9382,GB
2645721,Kidsgrove,53.08691,-2.23777,GB
2641843,Neath,51.66317,-3.80443,GB
2641546,Newton-le-Willows,53.450001,-2.6,GB
2653232,Cheshunt,51.707909,-0.03739,GB
2650128,Elderslie,55.833271,-4.48598,GB
2650096,Ellesmere Port,53.278751,-2.90134,GB
2638911,Ryde,50.729988,-1.1621,GB
2653075,Christchurch,50.733059,-1.77567,GB
2643027,Market Harborough,52.4776,-0.92053,GB
2640358,Perth,56.395222,-3.43139,GB
2654412,Buckhurst Hill,51.624088,0.03262,GB
2634715,Washington,54.900002,-1.51667,GB
2647074,Hereford,52.056839,-2.71482,GB
2651386,Denbigh,53.183331,-3.41667,GB
2640377,Penzance,50.11861,-5.53715,GB
2636484,Sutton in Ashfield,53.12542,-1.26135,GB
2656284,Barnsley,53.549999,-1.48333,GB
2646274,Ilkeston,52.970551,-1.30951,GB
2648272,Gosport,50.79509,-1.12902,GB
2638235,Selby,53.783329,-1.06667,GB
2656168,Batley,53.702911,-1.6337,GB
2655273,Bodmin,50.471512,-4.7243,GB
2638946,Rushden,52.291389,-0.59923,GB
2647101,Henley on Thames,51.533329,-0.9,GB
2640967,Omagh,54.599998,-7.3,GB
2633337,Ystalyfera,51.767159,-3.78082,GB
2642534,Milford Haven,51.71278,-5.0341,GB
2635427,Trowbridge,51.31889,-2.20861,GB
2642992,Marsden,53.599998,-1.91667,GB
2653584,Castleford,53.725868,-1.36256,GB
2638035,Shepton Mallet,51.18972,-2.54722,GB
2633729,Witney,51.7836,-1.4854,GB
2646613,Horbury,53.660511,-1.56014,GB
2643697,Long Eaton,52.898548,-1.27136,GB
2649207,Forfar,56.643131,-2.89026,GB
2646411,Hungerford,51.415131,-1.51556,GB
2640972,Olney,52.15345,-0.70201,GB
2655642,Bingley,53.84861,-1.83857,GB
2654817,Brecon,51.946121,-3.38887,GB
2641910,Nairn,57.58094,-3.87973,GB
2654730,Bridgwater,51.128368,-3.00356,GB
2639563,Redcar,54.61657,-1.05999,GB
2642135,Motherwell,55.789242,-3.99187,GB
2634825,Walton-on-Thames,51.38533,-0.42066,GB
2642902,Maulden,52.030628,-0.46975,GB
2636995,Staveley,53.26667,-1.35,GB
2651983,Crieff,56.372681,-3.83891,GB
2643314,Lyme Regis,50.72654,-2.93477,GB
2646472,Hoylake,53.390461,-3.18066,GB
2657293,Annan,54.988392,-3.25647,GB
2649258,Folkestone,51.083328,1.18333,GB
2652417,Cookstown,54.643051,-6.74595,GB
2656169,Bathgate,55.902039,-3.64398,GB
2648559,Glastonbury,51.147289,-2.71797,GB
2645365,Kinross,56.204659,-3.42138,GB
2641581,Newry,54.17841,-6.33739,GB
2640312,Pickering,54.25,-0.76667,GB
2634135,Whitby,54.48774,-0.61498,GB
2651498,Dartmouth,50.3522,-3.5794,GB
2644849,Larne,54.849998,-5.81667,GB
2655583,Bishop Auckland,54.65554,-1.67706,GB
2650776,Dunbar,56.000622,-2.51418,GB
2633651,Woodhall Spa,53.152149,-0.21453,GB
2656847,Atherton,53.523708,-2.49354,GB
2644642,Leiston,52.206108,1.57757,GB
2643553,Louth,53.366638,-0.00438,GB
2656402,Banff,57.664768,-2.52964,GB
2648875,Garforth,53.791729,-1.38067,GB
2647662,Hagley,52.426201,-2.12819,GB
2642999,Marple,53.39452,-2.06292,GB
2643312,Lymington,50.757671,-1.5443,GB
2639083,Rothesay,55.836479,-5.05508,GB
2657397,Alva,56.15284,-3.80505,GB
2650802,Dumbarton,55.944328,-4.57061,GB
2643144,Maltby,53.416672,-1.2,GB
2637833,Silsden,53.914429,-1.93802,GB
2654200,Burton upon Trent,52.807281,-1.64263,GB
2654269,Burnham-on-Sea,51.238621,-2.9978,GB
2645486,Kingsbridge,50.284512,-3.77638,GB
2644444,Linlithgow,55.976391,-3.60364,GB
2655210,Bonnyrigg,55.873291,-3.1051,GB
2654394,Buckley,53.166672,-3.08333,GB
2648004,Great Torrington,50.953091,-4.14401,GB
2644081,Llanfairfechan,53.25779,-3.97423,GB
2646384,Huntly,57.447411,-2.78608,GB
2646862,Hindley,53.533329,-2.58333,GB
2649955,Epworth,53.52602,-0.82399,GB
2643853,Locharbriggs,55.103371,-3.58438,GB
2649198,Formby,53.553638,-3.06816,GB
2656615,Bala,52.91111,-3.59722,GB
2654186,Bury St Edmunds,52.2463,0.71111,GB
2655692,Biggar,55.616669,-3.51667,GB
2653224,Chester-le-Street,54.85862,-1.57408,GB
2638853,Saint Austell,50.338329,-4.76583,GB
2647957,Greenisland,54.700001,-5.86667,GB
2648370,Godmanchester,52.319389,-0.17509,GB
2646941,Highley,52.448662,-2.38251,GB
2634234,West Wickham,51.366669,-0.01667,GB
2645660,Kilkeel,54.061958,-6.00308,GB
2636963,Steeton,53.883331,-1.95,GB
2652648,Coedpoeth,53.053909,-3.06234,GB
2643016,Markinch,56.202141,-3.13517,GB
2636769,Stourbridge,52.456081,-2.14317,GB
2643096,Mansfield Woodhouse,53.164951,-1.19384,GB
2638248,Seghill,55.062248,-1.55027,GB
2639436,Rhosllanerchrugog,53.009739,-3.05814,GB
2648396,Glusburn,53.900002,-2,GB
2655117,Boughton,53.200001,-0.98333,GB
2640106,Pontypool,51.701111,-3.04444,GB
2636940,Stevenage,51.902241,-0.20256,GB
2637350,Southowram,53.709881,-1.83181,GB
2649403,Finningley,53.486961,-0.99083,GB
2640192,Plympton,50.390739,-4.06022,GB
2637124,Stainforth,53.599998,-1.03333,GB
2657845,Abercanaid,51.72361,-3.36611,GB
2640109,Pontycymer,51.611179,-3.58421,GB
2639996,Portsmouth,50.798988,-1.09125,GB
2645841,Kelvedon,51.840069,0.7057,GB
2653368,Chapel en le Frith,53.32407,-1.91291,GB
2647303,Hawarden,53.18478,-3.02578,GB
2634172,Wheathampstead,51.811481,-0.29371,GB
2657508,Alfreton,53.0961,-1.38832,GB
2643625,Long Sutton,51.216671,-0.93333,GB
2653634,Carterton,51.759048,-1.59435,GB
2645020,Lakenheath,52.417549,0.52211,GB
2655886,Benson,51.620731,-1.10979,GB
2644581,Leuchars,56.381741,-2.88253,GB
2645388,Kinloss,57.634941,-3.57012,GB
2645198,Kirkwall,58.984791,-2.95873,GB
2653591,Castle Donington,52.842911,-1.34188,GB
2633397,Yeadon,53.864368,-1.68743,GB
2639265,Rochford,51.581982,0.70673,GB
2637916,Shoreham-by-Sea,50.834129,-0.27431,GB
2639444,Rhoose,51.38818,-3.3543,GB
2653043,Churchdown,51.887112,-2.18163,GB
2634923,Waddington,53.166672,-0.53333,GB
2633406,Yate,51.540741,-2.41839,GB
2633485,Wrexham,53.046638,-2.99132,GB
2633521,Worthing,50.81448,-0.37126,GB
2633551,Worksop,53.301819,-1.12404,GB
2633553,Workington,54.642502,-3.54413,GB
2633563,Worcester,52.18935,-2.22001,GB
2633681,Wombwell,53.521889,-1.39698,GB
2633691,Wolverhampton,52.585468,-2.12296,GB
2633749,Witham,51.800072,0.64038,GB
2633765,Wishaw,55.76667,-3.91667,GB
2633771,Wisbech,52.666222,0.15938,GB
2633810,Winsford,53.183331,-2.51667,GB
2633883,Wilmslow,53.32803,-2.23148,GB
2633912,Willenhall,52.599998,-2.03333,GB
2633936,Wigston Magna,52.58128,-1.09248,GB
2633948,Wigan,53.533329,-2.61667,GB
2633954,Widnes,53.361801,-2.73406,GB
2633976,Wickford,51.611012,0.52331,GB
2634021,Whitstable,51.360699,1.0257,GB
2634096,Whitehaven,54.548969,-3.58412,GB
2634103,Whitefield,53.549999,-2.3,GB
2634155,Whickham,54.94561,-1.67635,GB
2634202,Weymouth,50.611359,-2.45334,GB
2634204,Weybridge,51.372162,-0.45297,GB
2634308,Weston-super-Mare,51.346031,-2.97665,GB
2634340,West Molesey,51.399849,-0.37997,GB
2634491,West Bromwich,52.518681,-1.9945,GB
2634552,Welwyn Garden City,51.801739,-0.20691,GB
2634578,Wellingborough,52.302731,-0.69446,GB
2634616,Wednesfield,52.599998,-2.08333,GB
2634672,Wath upon Dearne,53.502911,-1.3458,GB
2634686,Waterlooville,50.880669,-1.0304,GB
2634725,Warwick,52.283329,-1.58333,GB
2634777,Ware,51.812649,-0.02832,GB
2634843,Waltham Abbey,51.687,-0.00421,GB
2634853,Walsall,52.585281,-1.98396,GB
2634864,Wallsend,54.991112,-1.53397,GB
2634873,Wallasey,53.423241,-3.06497,GB
2634887,Walkden,53.51667,-2.4,GB
2634910,Wakefield,53.683311,-1.49768,GB
2635062,Urmston,53.448521,-2.35419,GB
2635243,Uckfield,50.969479,0.09589,GB
2635269,Tynemouth,55.017879,-1.42559,GB
2635281,Tyldesley,53.513931,-2.46754,GB
2635603,Totton,50.91877,-1.49037,GB
2635650,Torquay,50.46384,-3.51434,GB
2635762,Tiverton,50.900002,-3.48333,GB
2635785,Tipton,52.52956,-2.06773,GB
2636005,Thornaby-on-Tees,54.533329,-1.3,GB
2636032,Thetford,52.416672,0.75,GB
2636132,Teignmouth,50.54768,-3.49637,GB
2636276,Tamworth,52.633991,-1.69587,GB
2636333,Tadley,51.350449,-1.1285,GB
2636373,Swinton,53.5,-2.35,GB
2636389,Swindon,51.557968,-1.78116,GB
2636432,Swansea,51.620789,-3.94323,GB
2636433,Swanscombe,51.447128,0.31028,GB
2636439,Swanley,51.397171,0.17321,GB
2636465,Swadlincote,52.773998,-1.55744,GB
2636503,Sutton,51.349998,-0.2,GB
2636619,Strood,51.395939,0.49361,GB
2636663,Stretford,53.450001,-2.31667,GB
2636713,Stratford-upon-Avon,52.191662,-1.70734,GB
2636767,Stourport-on-Severn,52.349998,-2.26667,GB
2636876,Stockton-on-Tees,54.568481,-1.3187,GB
2636882,Stockport,53.40979,-2.15761,GB
2637104,Stamford,52.650002,-0.48333,GB
2637106,Stalybridge,53.484138,-2.05908,GB
2637235,Spennymoor,54.698799,-1.60229,GB
2637265,Spalding,52.78709,-0.15141,GB
2637329,South Shields,54.998589,-1.4323,GB
2637343,Southport,53.647789,-3.00648,GB
2637355,South Ockendon,51.507992,0.28333,GB
2637433,Southend-on-Sea,51.537819,0.71433,GB
2637476,South Benfleet,51.552952,0.55962,GB
2637627,Slough,51.509491,-0.59541,GB
2637659,Sleaford,52.99826,-0.40941,GB
2637752,Skelmersdale,53.55024,-2.77348,GB
2637762,Skegness,53.14362,0.3363,GB
2637802,Sittingbourne,51.341282,0.73282,GB
2637917,Shoreham,51.333401,0.17801,GB
2638077,Sheffield,53.382969,-1.4659,GB
2638187,Sevenoaks,51.26997,0.19278,GB
2638302,Seaham,54.839031,-1.34575,GB
2638311,Seaford,50.771412,0.10268,GB
2638419,Scarborough,54.279659,-0.40443,GB
2638568,Sandown,50.651581,-1.16103,GB
2638671,Salford,53.487709,-2.29042,GB
2638678,Sale,53.42519,-2.32443,GB
2638785,Saint Helens,53.450001,-2.73333,GB
2638864,Saint Andrews,56.338711,-2.79902,GB
2638867,Saint Albans,51.75,-0.33333,GB
2638894,Ryton,52.616669,-2.35,GB
2638960,Runcorn,53.34174,-2.73124,GB
2638977,Rugeley,52.7593,-1.93694,GB
2638978,Rugby,52.370918,-1.26417,GB
2639015,Royton,53.565071,-2.12267,GB
2639022,Royal Tunbridge Wells,51.13245,0.26333,GB
2639069,Rottingdean,50.809841,-0.05939,GB
2639093,Rotherham,53.430119,-1.35678,GB
2639189,Romsey,50.989059,-1.49989,GB
2639268,Rochester,51.387642,0.50546,GB
2639317,Risca,51.60799,-3.10081,GB
2639323,Ripon,54.135208,-1.52122,GB
2639325,Ripley,53.033329,-1.4,GB
2639447,Rhondda,51.658958,-3.44885,GB
2639495,Renfrew,55.871971,-4.39253,GB
2639506,Reigate,51.237579,-0.2078,GB
2639545,Redhill,51.240479,-0.17044,GB
2639557,Redditch,52.306499,-1.94569,GB
2639577,Reading,51.456249,-0.97113,GB
2639586,Rawtenstall,53.70076,-2.28442,GB
2639588,Rawmarsh,53.460621,-1.34437,GB
2639660,Ramsgate,51.335758,1.41552,GB
2639668,Ramsbottom,53.647888,-2.31683,GB
2639866,Pudsey,53.79538,-1.66134,GB
2639896,Prestwick,55.48333,-4.61667,GB
2639897,Prestwich,53.533329,-2.28333,GB
2639926,Prestatyn,53.337479,-3.40776,GB
2639928,Prescot,53.429482,-2.80031,GB
2639958,Poulton le Fylde,53.833328,-2.98333,GB
2639970,Potters Bar,51.693531,-0.17835,GB
2639998,Portslade,50.843349,-0.21544,GB
2640037,Portishead,51.481991,-2.76973,GB
2640054,Porthcawl,51.479031,-3.70362,GB
2640060,Port Glasgow,55.934639,-4.6895,GB
2640104,Pontypridd,51.6021,-3.34211,GB
2640132,Pontefract,53.691071,-1.31269,GB
2640155,Polmont,55.990501,-3.70737,GB
2640190,Plymstock,50.359989,-4.09049,GB
2640194,Plymouth,50.371529,-4.14305,GB
2640246,Pitsea,51.563869,0.50859,GB
2640349,Peterlee,54.760319,-1.33649,GB
2640351,Peterhead,57.50584,-1.79806,GB
2640465,Penicuik,55.831661,-3.22423,GB
2640496,Penarth,51.439419,-3.17609,GB
2640677,Paisley,55.83173,-4.43254,GB
2640681,Paignton,50.43565,-3.56789,GB
2640861,Oswestry,52.86195,-3.05497,GB
2640869,Ossett,53.679779,-1.58006,GB
2640894,Orpington,51.374569,0.09785,GB
2640908,Ormskirk,53.566849,-2.88178,GB
2641022,Oldham,53.540508,-2.1183,GB
2641134,Oadby,52.606209,-1.08354,GB
2641170,Nottingham,52.953602,-1.15047,GB
2641181,Norwich,52.627831,1.29834,GB
2641224,Northwich,53.261379,-2.51225,GB
2641267,North Shields,55.01646,-1.44925,GB
2641319,Lancing,50.828819,-0.32247,GB
2641435,Northallerton,54.339008,-1.43243,GB
2641519,Newtownards,54.592361,-5.69092,GB
2641520,Newtownabbey,54.659828,-5.90858,GB
2641544,Newton Mearns,55.773338,-4.33339,GB
2641589,Newquay,50.41317,-5.08186,GB
2641609,New Milton,50.756008,-1.6658,GB
2641616,Newmarket,52.244671,0.40418,GB
2641673,Newcastle upon Tyne,54.973282,-1.61396,GB
2641674,Newcastle under Lyme,53,-2.23333,GB
2641690,Newburn,54.987598,-1.74415,GB
2641810,Nelson,53.833328,-2.2,GB
2641913,Nailsea,51.432388,-2.75847,GB
2641942,Musselburgh,55.9417,-3.04991,GB
2642189,Morley,53.740131,-1.59877,GB
2642423,Mirfield,53.673431,-1.69636,GB
2642465,Milton Keynes,52.041721,-0.75583,GB
2642593,Middleton,53.549999,-2.2,GB
2642607,Middlesbrough,54.576229,-1.23483,GB
2642683,Mexborough,53.493889,-1.29243,GB
2642705,Merthyr Tydfil,51.74794,-3.37779,GB
2642763,Melton Mowbray,52.765881,-0.88693,GB
2643044,Margate,51.381321,1.38617,GB
2643097,Mansfield,53.133331,-1.2,GB
2643123,Manchester,53.480949,-2.23743,GB
2643160,Maldon,51.731098,0.67463,GB
2643179,Maidstone,51.26667,0.51667,GB
2643218,Maesteg,51.609261,-3.65823,GB
2643266,Macclesfield,53.260231,-2.12564,GB
2643696,Longfield,51.3969,0.30212,GB
2643734,Londonderry County Borough,54.997211,-7.30917,GB
2643736,Derry,54.9981,-7.30934,GB
2643741,City of London,51.512791,-0.09184,GB
2643776,Lofthouse,53.729469,-1.49697,GB
2644120,Llandudno,53.324982,-3.83148,GB
2644204,Livingston,55.902882,-3.52261,GB
2644210,Liverpool,53.41058,-2.97794,GB
2644319,Littlehampton,50.806911,-0.53782,GB
2644386,Litherland,53.469929,-2.99809,GB
2644547,Leyland,53.697861,-2.68758,GB
2644597,Letchworth,51.979439,-0.2284,GB
2644660,Leigh,53.48333,-2.51667,GB
2644684,Leek,53.10434,-2.02207,GB
2644688,Leeds,53.796478,-1.54785,GB
2644737,Royal Leamington Spa,52.299999,-1.53333,GB
2644853,Larkhall,55.73333,-3.96667,GB
2644972,Lancaster,54.066669,-2.83333,GB
2645261,Kirkintilloch,55.939331,-4.15262,GB
2645298,Kirkcaldy,56.109821,-3.16149,GB
2645309,Kirkby in Ashfield,53.099819,-1.24379,GB
2645313,Kirkby,53.48333,-2.9,GB
2645418,Kingswood,51.452782,-2.50833,GB
2645420,Kingswinford,52.497551,-2.16889,GB
2645425,Hull,53.744598,-0.33525,GB
2645456,Kings Lynn,52.75172,0.39516,GB
2645541,Kilwinning,55.653332,-4.70666,GB
2645605,Kilmarnock,55.61171,-4.49581,GB
2645722,Kidlington,51.821659,-1.2886,GB
2645733,Keynsham,51.413872,-2.4978,GB
2645822,Kenilworth,52.342861,-1.58015,GB
2645831,Kempston,52.11599,-0.50044,GB
2645951,Johnstone,55.82906,-4.51605,GB
2645972,Jarrow,54.980358,-1.48423,GB
2646003,Islington,51.536221,-0.10304,GB
2646032,Irvine,55.6194,-4.65508,GB
2646042,Irlam,53.442532,-2.42323,GB
2646057,Ipswich,52.05917,1.15545,GB
2646088,Inverness,57.47908,-4.22398,GB
2646317,Hythe,50.860039,-1.40162,GB
2646327,Hyde,53.451309,-2.07943,GB
2646329,Huyton,53.411499,-2.83935,GB
2646460,Hucknall,53.033329,-1.2,GB
2646471,Hoyland Nether,53.5,-1.45,GB
2646504,Hove,50.830879,-0.1672,GB
2646542,Horwich,53.601261,-2.54975,GB
2646557,Horsham,51.06395,-0.32719,GB
2646558,Horsforth,53.837971,-1.64036,GB
2646606,Horley,51.174229,-0.15919,GB
2646807,Hoddesdon,51.761478,-0.01144,GB
2646826,Hitchin,51.95314,-0.26519,GB
2646914,High Wycombe,51.62907,-0.74934,GB
2646979,High Blantyre,55.784382,-4.10007,GB
2647026,Heswall,53.327332,-3.09648,GB
2647057,Herne Bay,51.373001,1.12857,GB
2647138,Hemel Hempstead,51.753689,-0.47517,GB
2647209,Hebburn,54.973019,-1.51546,GB
2647227,Heanor,53.013721,-1.35383,GB
2647246,Hazel Grove,53.383331,-2.11667,GB
2647248,Haywards Heath,50.997688,-0.10313,GB
2647265,Haydock,53.467232,-2.68166,GB
2647310,Haverhill,52.08226,0.43891,GB
2647317,Havant,50.856701,-0.98559,GB
2647349,Hatfield,51.763378,-0.22419,GB
2647356,Hastings,50.85519,0.57292,GB
2647363,Haslingden,53.703259,-2.32382,GB
2647383,Harwich,51.94194,1.28437,GB
2647428,Harrogate,53.99078,-1.5373,GB
2647451,Harpenden,51.816841,-0.35706,GB
2647639,Halesowen,52.448589,-2.04938,GB
2647679,Hadleigh,51.552689,0.60983,GB
2647784,Guiseley,53.87561,-1.71232,GB
2647785,Guisborough,54.534779,-1.05606,GB
2647793,Guildford,51.235359,-0.57427,GB
2647837,Grove,51.609539,-1.42187,GB
2647984,Great Yarmouth,52.608311,1.73052,GB
2647985,Great Wyrley,52.662769,-2.01111,GB
2648026,Great Sankey,53.392342,-2.63994,GB
2648063,Great Malvern,52.11161,-2.32515,GB
2648182,Grays,51.475658,0.32521,GB
2648187,Gravesend,51.44138,0.37371,GB
2648208,Grantham,52.911491,-0.64184,GB
2648215,Grangemouth,56.01141,-3.72183,GB
2648273,Gosforth,55,-1.61667,GB
2648290,Gorseinon,51.669312,-4.04163,GB
2648319,Goole,53.716671,-0.86667,GB
2648356,Golborne,53.476929,-2.59651,GB
2648404,Gloucester,51.865681,-2.2431,GB
2648438,Glenrothes,56.195141,-3.17316,GB
2648579,Glasgow,55.86515,-4.25763,GB
2648657,Gillingham,51.389141,0.54863,GB
2648683,Giffnock,55.80373,-4.29488,GB
2648728,Gelligaer,51.66444,-3.25611,GB
2648773,Gateshead,54.96209,-1.60168,GB
2648945,Gainsborough,53.383331,-0.76667,GB
2648970,Fylde,53.833328,-2.91667,GB
2649024,Frome,51.22834,-2.32211,GB
2649049,Frinton-on-Sea,51.838772,1.24625,GB
2649312,Fleetwood,53.92527,-3.01085,GB
2649578,Felling,54.952969,-1.57152,GB
2649579,Felixstowe,51.963749,1.3511,GB
2649622,Faversham,51.3148,0.88856,GB
2649650,Farnworth,53.549999,-2.4,GB
2649660,Farnham,51.214329,-0.79587,GB
2649672,Farnborough,51.294239,-0.75565,GB
2649692,Fareham,50.85162,-1.17929,GB
2649723,Falkirk,55.999168,-3.78713,GB
2649800,Exmouth,50.617229,-3.40233,GB
2649808,Exeter,50.723598,-3.52751,GB
2649833,Evesham,52.092369,-1.94887,GB
2649911,Esher,51.369259,-0.36572,GB
2649957,Epsom,51.330502,-0.27011,GB
2650004,Emsworth,50.84779,-0.93697,GB
2650188,Egham,51.43158,-0.55239,GB
2650278,Eccles,53.48333,-2.33333,GB
2650285,Ebbw Vale,51.777142,-3.20792,GB
2650309,Eastwood,53,-1.3,GB
2650346,Retford,53.322128,-0.94315,GB
2650376,East Molesey,51.39872,-0.34916,GB
2650396,Eastleigh,50.966671,-1.35,GB
2650405,East Kilbride,55.76667,-4.16667,GB
2650435,East Grinstead,51.123821,-0.0061,GB
2650470,East Dereham,52.683331,0.93333,GB
2650497,Eastbourne,50.768711,0.28453,GB
2650657,Dunstable,51.886002,-0.52099,GB
2650815,Dukinfield,53.474972,-2.08809,GB
2650839,Dudley,52.5,-2.08333,GB
2650962,Droylsden,53.480049,-2.14543,GB
2650983,Droitwich,52.26667,-2.15,GB
2651095,Dorking,51.232899,-0.32942,GB
2651269,Didcot,51.60928,-1.24214,GB
2651286,Dewsbury,53.690762,-1.62907,GB
2651347,Derby,52.922771,-1.47663,GB
2651357,Denton,53.456779,-2.11822,GB
2651468,Deal,51.223221,1.40432,GB
2651495,Darwen,53.698029,-2.46494,GB
2651497,Darton,53.587051,-1.52676,GB
2651500,Dartford,51.44352,0.21964,GB
2651621,Dagenham,51.549999,0.16667,GB
2651654,Cwmbran,51.654461,-3.02281,GB
2651715,Cumbernauld,55.94685,-3.99051,GB
2652053,Crawley,51.113029,-0.18312,GB
2652095,Cramlington,55.086521,-1.58598,GB
2652191,Cowley,51.731392,-1.20742,GB
2652204,Cowes,50.763062,-1.29772,GB
2652221,Coventry,52.406559,-1.51217,GB
2652381,Corby,52.496368,-0.68939,GB
2652437,Consett,54.854038,-1.8316,GB
2652458,Conisbrough,53.48188,-1.23214,GB
2652464,Congleton,53.163139,-2.21253,GB
2652513,Colwyn Bay,53.29483,-3.72674,GB
2652544,Colne,53.857128,-2.16851,GB
2652622,Coity,51.521999,-3.55531,GB
2652689,Cobham,51.329971,-0.4113,GB
2652696,Coatbridge,55.86216,-4.02469,GB
2652698,Coalville,52.716671,-1.36667,GB
2652730,Clydebank,55.901371,-4.4057,GB
2652734,Clydach,51.683331,-3.9,GB
2652819,Clitheroe,53.866669,-2.4,GB
2652885,Cleethorpes,53.560471,-0.03225,GB
2652890,Cleckheaton,53.724049,-1.71294,GB
2652974,Clacton-on-Sea,51.789669,1.15597,GB
2652995,Cirencester,51.717079,-1.96825,GB
2653086,Chorley,53.650002,-2.61667,GB
2653137,Chipping Sodbury,51.538132,-2.39379,GB
2653144,Chippenham,51.459999,-2.12472,GB
2653225,Chesterfield,53.25,-1.41667,GB
2653228,Chester,53.190498,-2.89189,GB
2653235,Chesham,51.700001,-0.6,GB
2653261,Cheltenham,51.900002,-2.08333,GB
2653265,Chelsea,51.487549,-0.16936,GB
2653305,Chatham,51.37891,0.52786,GB
2653353,Chapletown,53.465061,-1.47217,GB
2653393,Chalfont Saint Peter,51.608849,-0.55618,GB
2653520,Caterham,51.282299,-0.07889,GB
2653558,Castlereagh,54.573502,-5.88472,GB
2653680,Carrickfergus,54.715801,-5.8058,GB
2653877,Canterbury,51.279041,1.07992,GB
2653883,Cannock,52.690449,-2.03085,GB
2653945,Camborne,50.213058,-5.29731,GB
2653947,Camberley,51.337051,-0.74261,GB
2654089,Caerphilly,51.57452,-3.218,GB
2654179,Bushey,51.643162,-0.36053,GB
2654252,Burntwood,52.680752,-1.92759,GB
2654308,Burgess Hill,50.958431,-0.13287,GB
2654415,Buckhaven,56.17149,-3.03377,GB
2654450,Brymbo,53.066669,-3.06667,GB
2654490,Brownhills,52.633331,-1.93333,GB
2654579,Bromsgrove,52.335739,-2.05983,GB
2654635,Broadstairs,51.359081,1.43938,GB
2654663,Brixham,50.39431,-3.51585,GB
2654715,Brighouse,53.70322,-1.78428,GB
2654724,Brierley Hill,52.481731,-2.12139,GB
2654782,Brentwood,51.621269,0.30556,GB
2654927,Bramhall,53.358009,-2.16539,GB
2654938,Braintree,51.878189,0.55292,GB
2654993,Bradford,53.793911,-1.75206,GB
2655009,Bracknell,51.413631,-0.75054,GB
2655095,Bournemouth,50.720482,-1.8795,GB
2655186,Borehamwood,51.654678,-0.27762,GB
2655198,Bootle,53.466671,-3.01667,GB
2655237,Bolton,53.583328,-2.43333,GB
2655262,Bognor Regis,50.782059,-0.67978,GB
2655315,Blyth,55.127079,-1.50856,GB
2655329,Bloxwich,52.618061,-2.00431,GB
2655351,Bletchley,51.99334,-0.73471,GB
2655557,Bishopstoke,50.966431,-1.32832,GB
2655582,Bishopbriggs,55.906689,-4.21869,GB
2655603,Birmingham,52.481419,-1.89983,GB
2655672,Billericay,51.62867,0.41963,GB
2655689,Biggleswade,52.086521,-0.26493,GB
2655707,Bideford,51.017872,-4.20458,GB
2655708,Biddulph,53.117241,-2.17584,GB
2655729,Bicester,51.899979,-1.15357,GB
2655819,Berwick-Upon-Tweed,55.783329,-2,GB
2655858,Berkhamsted,51.760399,-0.56528,GB
2655882,Bentley,53.533329,-1.15,GB
2655942,Belper,53.0233,-1.48119,GB
2655952,Bellshill,55.816669,-4.01667,GB
2656031,Bedworth,52.479099,-1.46909,GB
2656070,Bebington,53.349998,-3.01667,GB
2656086,Bearsden,55.915359,-4.33279,GB
2656173,Bath,51.377949,-2.35907,GB
2656192,Basingstoke,51.262489,-1.08708,GB
2656258,Barrhead,55.79916,-4.39285,GB
2656281,Barnstaple,51.080219,-4.05808,GB
2656379,Banstead,51.325031,-0.19569,GB
2656396,Bangor,54.653381,-5.66895,GB
2656397,Bangor,53.226471,-4.13459,GB
2656407,Banbridge,54.349998,-6.28333,GB
2656490,Ballymena,54.863571,-6.27628,GB
2656627,Baildon,53.847111,-1.78785,GB
2656708,Ayr,55.46273,-4.63393,GB
2656915,Ashton-under-Lyne,53.488762,-2.0989,GB
2656918,Ashton in Makerfield,53.48333,-2.65,GB
2656955,Ashford,51.145859,0.87281,GB
2656992,Ascot,51.41082,-0.6748,GB
2657030,Arnold,53,-1.13333,GB
2657215,Arbroath,56.563171,-2.58736,GB
2657255,Antrim,54.700001,-6.2,GB
2657324,Andover,51.208279,-1.48246,GB
2657356,Amersham,51.666672,-0.61667,GB
2657402,Altrincham,53.38752,-2.34848,GB
2657408,Alton,51.149311,-0.97469,GB
2657528,Aldridge,52.605492,-1.91715,GB
2657540,Aldershot,51.248268,-0.76389,GB
2657613,Airdrie,55.86602,-3.98025,GB
2657697,Acton,51.50901,-0.2762,GB
2657770,Accrington,53.753792,-2.35863,GB
2657780,Abingdon,51.671089,-1.28278,GB
2657782,Aberystwyth,52.415482,-4.08292,GB
2657812,Abergele,53.284359,-3.5822,GB
2657832,Aberdeen,57.143688,-2.09814,GB
2657835,Aberdare,51.714378,-3.44918,GB
3209584,Crosby,53.477779,-3.03333,GB
3345317,Blackwood,51.667782,-3.2075,GB
3345432,Neston,51.41222,-2.20056,GB
3345437,Camden Town,51.540569,-0.14334,GB
3345439,Telford,52.67659,-2.44926,GB
3345440,Craigavon,54.44709,-6.387,GB
6545243,Bayswater,51.511162,-0.18426,GB
6620293,Yateley,51.343048,-0.82985,GB
6620360,Hedge End,50.912338,-1.30076,GB
6640028,Hale,53.378311,-2.33271,GB
6690592,Amersham on the Hill,51.674679,-0.60742,GB
6690602,Battersea,51.474751,-0.15547,GB
6690863,Hornchurch,51.55685,0.21664,GB
6690866,Surbiton,51.391479,-0.29825,GB
6690867,Ewell,51.34948,-0.2494,GB
6690870,Becontree,51.552898,0.129,GB
6690877,Brixton,51.465931,-0.10652,GB
6690989,Bethnal Green,51.52718,-0.06109,GB
6691219,Failsworth,53.504841,-2.16568,GB
6691227,Radcliffe,53.561779,-2.32455,GB
6691235,Heywood,53.592449,-2.21941,GB
6691766,Longsight,53.458012,-2.20104,GB
6691884,Heavitree,50.72044,-3.49646,GB
6691927,Ferndown,50.80743,-1.89975,GB
6693470,Lytham St Annes,53.742599,-2.997,GB
6693771,Hadley Wood,51.666691,-0.16981,GB
6695247,Chapel Allerton,53.82901,-1.53834,GB
6947041,Blackheath,51.464699,0.0079,GB
6947168,Kempston Hardwick,52.089561,-0.49908,GB
2634569,Wells,51.207939,-2.64896,GB
6947756,Mendip,51.237202,-2.6266,GB
7290015,Lower Earley,51.427078,-0.91979,GB
7302130,Bartley Green,52.435322,-1.99707,GB
8063096,Earlsfield,51.443901,-0.1854,GB
145971,Xylotymbou,35.0191,33.74057,GB
146189,Pergamos,35.041672,33.708328,GB
146451,Kolossi,34.67083,32.929169,GB
2653590,Castle Douglas,54.940948,-3.92784,GB
2633399,Yaxley,52.517681,-0.25852,GB
2633403,Yatton,51.966671,-2.53333,GB
2633412,Yarnton,51.80986,-1.30694,GB
2633445,Wymondham,52.759781,-0.74055,GB
2633460,Wye,51.182491,0.93678,GB
2633474,Wroxall,52.33791,-1.66898,GB
2633476,Wroughton,51.524109,-1.79559,GB
2633481,Writtle,51.729061,0.42938,GB
2633482,Wrington,51.361729,-2.76319,GB
2633511,Wotton-under-Edge,51.63242,-2.34512,GB
2633571,Royal Wootton Bassett,51.541901,-1.9045,GB
2633575,Wootton,52.095249,-0.53494,GB
2633577,Wootton,51.173801,1.1794,GB
2633609,Wool,50.679661,-2.2189,GB
2633618,Woodstock,51.848499,-1.35132,GB
2633664,Woodcote,52.73333,-2.33333,GB
2633671,Woodbridge,52.093319,1.32042,GB
2633692,Wolston,52.377171,-1.39544,GB
2633694,Wolsingham,54.73085,-1.88319,GB
2633710,Woburn Sands,52.015789,-0.64982,GB
2633717,Wivenhoe,51.85553,0.95796,GB
2633720,Wiveliscombe,51.041389,-3.31278,GB
2633723,Witton Gilbert,54.805721,-1.63686,GB
2633727,Wittering,52.609718,-0.44151,GB
2633744,Withernsea,53.731098,0.03347,GB
2633751,Witchford,52.38699,0.20602,GB
2633774,Wirksworth,53.082321,-1.57391,GB
2633786,Winterton,53.654968,-0.59885,GB
2633797,Winterbourne,51.446091,-1.3466,GB
2633824,Wingerworth,53.201939,-1.43974,GB
2633827,Wingate,54.732422,-1.37896,GB
2633849,Windlesham,51.365089,-0.65476,GB
2633851,Windermere,54.380859,-2.90709,GB
2633860,Winchcombe,51.953629,-1.96398,GB
2633861,Wincanton,51.056759,-2.40574,GB
2633863,Wimborne Minster,50.783329,-1.98333,GB
2633878,Wilshamstead,52.080879,-0.44889,GB
2633880,Wilsden,53.820839,-1.85959,GB
2633894,Williton,51.160831,-3.32083,GB
2633899,Willingham,53.349998,-0.68333,GB
2633915,Willaston,53.066669,-2.48333,GB
2633933,Wigton,54.824821,-3.16114,GB
2633971,Wickham Market,52.152981,1.36299,GB
2633974,Wickham,51.44342,-1.432,GB
2633982,Wick,58.433331,-3.08333,GB
2633997,Whitworth,53.65601,-2.1771,GB
2633999,Whitwell,53.283329,-1.21667,GB
2634015,Whittington,52.683331,-1.76667,GB
2634095,Whitehead,54.753712,-5.70933,GB
2634124,Whitchurch,52.966671,-2.68333,GB
2634138,Whitburn,54.953331,-1.36861,GB
2634170,Wheaton Aston,52.711449,-2.22064,GB
2634171,Wheatley,51.747311,-1.13936,GB
2634192,Whalley,53.82209,-2.40712,GB
2634194,Whaley Bridge,53.330311,-1.9826,GB
2634217,Wetherby,53.92836,-1.38672,GB
2634236,West Wellow,50.972729,-1.58293,GB
2634251,West Thurrock,51.478279,0.27672,GB
2634288,West Rainton,54.816669,-1.5,GB
2634307,Weston Turville,51.791679,-0.75767,GB
2634317,Westoning,51.9814,-0.49698,GB
2634345,West Mersea,51.777981,0.91873,GB
2634349,West Malling,51.292728,0.40907,GB
2634378,West Kilbride,55.683331,-4.85,GB
2634405,West Hallam,52.970928,-1.35846,GB
2634413,Westgate on Sea,51.382389,1.33673,GB
2634434,Westerham,51.266319,0.06892,GB
2634447,West End,50.92741,-1.33282,GB
2634467,West Cornforth,54.702862,-1.51938,GB
2634477,West Calder,55.851879,-3.56981,GB
2634478,West Byfleet,51.339458,-0.49338,GB
2634499,West Bergholt,51.912209,0.84986,GB
2634538,Wendover,51.763008,-0.74149,GB
2634545,Wemyss Bay,55.876141,-4.8895,GB
2634550,Wem,52.858349,-2.71826,GB
2634553,Welwyn,51.833099,-0.21359,GB
2634560,Welshpool,52.659729,-3.1471,GB
2634567,Wells-next-the-Sea,52.951641,0.8511,GB
2634581,Wellesbourne Mountford,52.183331,-1.58333,GB
2634618,Wedmore,51.227268,-2.81152,GB
2634623,Weaverham,53.260181,-2.57291,GB
2634660,Watton at Stone,51.858421,-0.11381,GB
2634661,Watton,53.933331,-0.45,GB
2634671,Watlington,51.643269,-1.00448,GB
2634682,Water Orton,52.515751,-1.74005,GB
2634690,Wateringbury,51.255428,0.42317,GB
2634701,Waterbeach,52.26553,0.19123,GB
2634704,Watchet,51.181889,-3.33079,GB
2634716,Washington,50.904869,-0.40649,GB
2634736,Warsop,53.21402,-1.15091,GB
2634743,Warrenpoint,54.099468,-6.25088,GB
2634759,Warlingham,51.309422,-0.05609,GB
2634768,Waringstown,54.434311,-6.29929,GB
2634772,Wargrave,51.500679,-0.86577,GB
2634776,Wareham,50.688862,-2.1104,GB
2634782,Wardle,53.650002,-2.13333,GB
2634796,Warboys,52.403519,-0.07931,GB
2634801,Wantage,51.588459,-1.42565,GB
2634842,Waltham Cross,51.689049,-0.0333,GB
2634844,Waltham,53.51667,-0.1,GB
2634894,Wales,53.340611,-1.28162,GB
2634914,Wainfleet All Saints,53.105701,0.23583,GB
2634918,Wadhurst,51.062302,0.33929,GB
2634920,Wadebridge,50.517342,-4.83633,GB
2634925,Waddesdon,51.846748,-0.92105,GB
2634966,Victoria,51.75,-3.2,GB
2634975,Verwood,50.875751,-1.87023,GB
2634985,Ventnor,50.594791,-1.20369,GB
2635043,Uttoxeter,52.89838,-1.86488,GB
2635052,Usk,51.703468,-2.90332,GB
2635054,Ushaw Moor,54.77803,-1.6472,GB
2635101,Uppingham,52.588032,-0.72272,GB
2635183,Ulverston,54.195938,-3.09626,GB
2635239,Uddingston,55.81971,-4.08362,GB
2635294,Twyford,51.475182,-0.86037,GB
2635321,Tuxford,53.230042,-0.89325,GB
2635329,Turriff,57.538399,-2.45932,GB
2635442,Troon,55.543591,-4.66335,GB
2635459,Tring,51.794708,-0.65824,GB
2635465,Trimdon,54.69878,-1.42881,GB
2635496,Treorchy,51.65958,-3.50587,GB
2635524,Treharris,51.66457,-3.30725,GB
2635540,Treeton,53.385639,-1.35189,GB
2635547,Tredegar,51.772511,-3.24679,GB
2635563,Tranent,55.944389,-2.95412,GB
2635571,Trafford Park,53.468788,-2.31194,GB
2635590,Tow Law,54.74456,-1.81434,GB
2635597,Towcester,52.133591,-0.99057,GB
2635604,Tottington,53.613258,-2.34071,GB
2635610,Totnes,50.431068,-3.6843,GB
2635651,Torpoint,50.37505,-4.19566,GB
2635680,Topsham,50.685959,-3.46696,GB
2635689,Tonyrefail,51.584019,-3.43041,GB
2635720,Tollesbury,51.759129,0.83462,GB
2635744,Todmorden,53.71434,-2.09701,GB
2635774,Tisbury,51.062832,-2.08058,GB
2635783,Tiptree,51.812592,0.74887,GB
2635829,Tillicoultry,56.152512,-3.74015,GB
2635836,Tilbury,51.462479,0.35856,GB
2635859,Tickhill,53.431938,-1.10859,GB
2635864,Tibshelf,53.14436,-1.34056,GB
2635877,Thurston,52.252441,0.80749,GB
2635881,Thurso,58.592709,-3.52594,GB
2635978,Thornley,54.75,-1.43333,GB
2635988,Thorngumbald,53.721001,-0.17175,GB
2636021,Thirsk,54.232979,-1.34411,GB
2636031,Theydon Bois,51.674259,0.09781,GB
2636045,Theale,51.436939,-1.077,GB
2636047,Thaxted,51.953259,0.34478,GB
2636062,Thames Ditton,51.389641,-0.33928,GB
2636069,Teynham,51.330448,0.80526,GB
2636071,Tewkesbury,51.99453,-2.15681,GB
2636083,Tetbury,51.639439,-2.16222,GB
2636092,Terrington Saint Clement,52.75,0.3,GB
2636101,Tenterden,51.068451,0.68776,GB
2636104,Tenby,51.67268,-4.70263,GB
2636105,Tenbury Wells,52.299999,-2.58333,GB
2636158,Tayport,56.446991,-2.87966,GB
2636174,Tavistock,50.549438,-4.14418,GB
2636183,Tattenhall,53.12188,-2.76746,GB
2636190,Tarvin,53.197369,-2.76548,GB
2636209,Tarporley,53.15918,-2.66867,GB
2636215,Tarleton,53.68005,-2.82968,GB
2636271,Tandragee,54.354858,-6.41396,GB
2636321,Tain,57.809029,-4.05991,GB
2636331,Tadworth,51.291119,-0.23586,GB
2636335,Tadcaster,53.883221,-1.26344,GB
2636341,Syston,52.683331,-1.06667,GB
2636394,Swillington,53.768459,-1.4175,GB
2636409,Swavesey,52.301552,-0.00476,GB
2636438,Swanmore,50.944038,-1.18021,GB
2636445,Swanage,50.60923,-1.9626,GB
2636464,Swaffham,52.646919,0.68871,GB
2636485,Sutton Courtenay,51.6413,-1.27682,GB
2636487,Sutton Bridge,52.769951,0.1855,GB
2636564,Sudbury,52.038898,0.73117,GB
2636582,Sturry,51.301319,1.12155,GB
2636583,Sturminster Newton,50.926811,-2.30515,GB
2636594,Studley,52.27026,-1.89188,GB
2636667,Strensall,54.039989,-1.03512,GB
2636671,Street,51.124722,-2.74,GB
2636710,Strathaven,55.677101,-4.0668,GB
2636719,Stranraer,54.90234,-5.02731,GB
2636744,Strabane,54.82373,-7.46916,GB
2636748,Stow on the Wold,51.93008,-1.72382,GB
2636782,Stotfold,52.016319,-0.23209,GB
2636786,Storrington,50.917648,-0.45473,GB
2636790,Stornoway,58.209251,-6.38649,GB
2636802,Stoney Stanton,52.548389,-1.2793,GB
2636804,Stone,51.450321,0.2647,GB
2636810,Stonehouse,55.666672,-3.98333,GB
2636811,Stonehouse,51.75,-2.28333,GB
2636814,Stonehaven,56.96365,-2.21177,GB
2636822,Stone,52.905899,-2.15409,GB
2636824,Stone,51.80246,-0.87032,GB
2636826,Stone,51,0.76667,GB
2636830,Stokesley,54.469978,-1.1933,GB
2636840,Stoke Poges,51.544411,-0.5888,GB
2636844,Stokenchurch,51.65831,-0.8974,GB
2636854,Stoke Gifford,51.516861,-2.54053,GB
2636881,Stocksbridge,53.482491,-1.59373,GB
2636914,Stilton,52.487881,-0.28894,GB
2636932,Stewarton,55.666672,-4.5,GB
2636938,Stevenston,55.639702,-4.75339,GB
2636945,Stepps,55.888988,-4.1521,GB
2636967,Steeple Claydon,51.936432,-0.98328,GB
2637016,Staplehurst,51.161098,0.55249,GB
2637052,Stansted,51.900002,0.2,GB
2637093,Standon,52.916672,-2.28333,GB
2637110,Stalham,52.77079,1.51783,GB
2637214,Spixworth,52.685291,1.32027,GB
2637224,Spilsby,53.17363,0.09373,GB
2637268,Sowerby Bridge,53.70903,-1.90929,GB
2637277,Southwold,52.327518,1.67979,GB
2637296,Southwell,53.078041,-0.95538,GB
2637298,Southwater,51.023689,-0.35173,GB
2637310,Tidworth,51.231419,-1.66324,GB
2637356,South Nutfield,51.01667,-0.13333,GB
2637373,South Molton,51.01667,-3.83333,GB
2637374,Southminster,51.662281,0.82968,GB
2637405,South Hetton,54.799061,-1.40671,GB
2637450,South Collingham,53.133331,-0.76667,GB
2637461,South Cave,53.769871,-0.60107,GB
2637471,South Brent,50.42654,-3.83426,GB
2637488,Southam,52.252659,-1.3884,GB
2637526,Somerton,51.954208,-1.27613,GB
2637528,Somersham,52.383331,0,GB
2637554,Soham,52.331772,0.33869,GB
2637571,Snodland,51.329708,0.44305,GB
2637580,Snettisham,52.877811,0.50292,GB
2637599,Snaith,53.69112,-1.02859,GB
2637607,Smethwick,52.49699,-1.97305,GB
2637652,Sleights,54.455059,-0.66484,GB
2637702,Skipton,53.961441,-2.01676,GB
2637748,Skelton,53.716671,-0.83333,GB
2637756,Skellingthorpe,53.23531,-0.61905,GB
2637809,Sion Mills,54.787521,-7.47276,GB
2637836,Silloth,54.868698,-3.38448,GB
2637845,Sileby,52.732861,-1.10773,GB
2637871,Sible Hedingham,51.977718,0.59262,GB
2637889,Shrivenham,51.59853,-1.65461,GB
2637936,Shirland,53.121552,-1.40464,GB
2637941,Shirebrook,53.203331,-1.21336,GB
2637948,Shipton under Wychwood,51.860352,-1.59847,GB
2637954,Shipston on Stour,52.06057,-1.62778,GB
2637962,Shipdham,52.627708,0.89294,GB
2637983,Shildon,54.629971,-1.64295,GB
2637985,Shifnal,52.670429,-2.37248,GB
2638009,Shevington,53.572361,-2.69316,GB
2638033,Sherborne,50.950001,-2.5,GB
2638036,Shepshed,52.765701,-1.29021,GB
2638039,Shepperton,51.395458,-0.44889,GB
2638047,Shenstone,52.633331,-1.83333,GB
2638051,Shenley AV,51.69054,-0.28067,GB
2638065,Shelley,53.599998,-1.68333,GB
2638074,Shefford,52.0387,-0.33399,GB
2638081,Sheerness,51.439461,0.76029,GB
2638111,Shawbury,52.783329,-2.65,GB
2638138,Shanklin,50.626129,-1.1785,GB
2638157,Shaftesbury,51.00528,-2.19333,GB
2638192,Settle,54.068649,-2.2772,GB
2638207,Send,51.28875,-0.52666,GB
2638219,Selsey,50.735008,-0.78979,GB
2638229,Selkirk,55.547379,-2.83911,GB
2638259,Sedgefield,54.65329,-1.44952,GB
2638264,Seaview,50.719559,-1.11164,GB
2638273,Seaton Delaval,55.07196,-1.52609,GB
2638277,Seaton,52.57489,-0.66759,GB
2638348,Scotter,53.496521,-0.67429,GB
2638386,Scholes,53.82346,-1.42805,GB
2638448,Scalby,53.76667,-0.71667,GB
2638464,Saxmundham,52.21497,1.48805,GB
2638467,Saxilby,53.26746,-0.66253,GB
2638473,Sawtry,52.439838,-0.28422,GB
2638474,Sawston,52.120892,0.16943,GB
2638481,Sawbridgeworth,51.816669,0.15,GB
2638490,Saundersfoot,51.711842,-4.70069,GB
2638495,Saughall,53.226181,-2.95649,GB
2638515,Sapcote,52.537071,-1.279,GB
2638520,Sanquhar,55.365269,-3.9216,GB
2638530,Sandy,52.129269,-0.28925,GB
2638542,Sandwich,51.272228,1.33776,GB
2638593,Sandford,51.332279,-2.83122,GB
2638639,Saltford,51.40139,-2.45944,GB
2638648,Saltcoats,55.616669,-4.8,GB
2638650,Saltburn-by-the-Sea,54.582371,-0.97367,GB
2638651,Saltash,50.409592,-4.22514,GB
2638669,Salfords,51.204342,-0.16744,GB
2638682,Salcombe,50.237431,-3.76874,GB
2638708,Saint Osyth,51.799999,1.08333,GB
2638757,Saint Leonards,50.833328,-1.85,GB
2638767,Saint Just,50.116669,-5.7,GB
2638778,St Ives,50.208611,-5.4875,GB
2638800,Saintfield,54.460461,-5.83065,GB
2638817,Saint Dennis,50.383331,-4.88333,GB
2638828,Saint Columb Major,50.433331,-4.93333,GB
2638855,Saint Asaph,53.26667,-3.45,GB
2638870,Saint Agnes,50.313629,-5.20452,GB
2638888,Sacriston,54.817692,-1.6241,GB
2638909,Rye,50.951141,0.7337,GB
2638925,Ruthin,53.113682,-3.31782,GB
2638930,Rustington,50.810268,-0.50674,GB
2638938,Ruskington,53.045441,-0.38692,GB
2638995,Ruddington,52.89254,-1.14953,GB
2639014,Ruabon,52.987801,-3.03883,GB
2639017,Royston,53.599998,-1.45,GB
2639042,Rowlands Gill,54.91922,-1.74489,GB
2639074,Rothwell,52.416672,-0.8,GB
2639101,Rothbury,55.310589,-1.90845,GB
2639104,Rosyth,56.036888,-3.438,GB
2639106,Rostrevor,54.099998,-6.2,GB
2639110,Ross on Wye,51.916672,-2.56667,GB
2639123,Rossett,53.109211,-2.94478,GB
2639239,Rode Heath,53.116669,-2.28333,GB
2639282,Robertsbridge,50.985691,0.47253,GB
2639296,Roade,52.158241,-0.89745,GB
2639310,Rishton,53.768059,-2.41444,GB
2639320,Ripponden,53.674492,-1.94183,GB
2639326,Ripley,51.299068,-0.49164,GB
2639343,Ringmer,50.89307,0.05545,GB
2639381,Rickmansworth,51.639278,-0.47295,GB
2639389,Richmond,51.460049,-0.30075,GB
2639393,Riccall,53.833309,-1.0573,GB
2639407,Rhymney,51.759979,-3.28553,GB
2639425,Rhuddlan,53.283329,-3.46667,GB
2639482,Resolven,51.711929,-3.69745,GB
2639489,Repton,52.839828,-1.55061,GB
2639492,Renton,55.972,-4.58399,GB
2639511,Reepham,53.23333,-0.43333,GB
2639520,Reed,52.008289,-0.01905,GB
2639536,Redlynch,51.09861,-2.42667,GB
2639567,Redbourn,51.798962,-0.39594,GB
2639582,Rayne,51.866669,0.58333,GB
2639600,Raunds,52.34428,-0.53657,GB
2639621,Rathfriland,54.25,-6.16667,GB
2639653,Randalstown,54.75,-6.3,GB
2639664,Ramsey,52.448158,-0.10703,GB
2639687,Rainworth,53.118832,-1.11852,GB
2639691,Rainham,51.363232,0.60893,GB
2639693,Rainford,53.502232,-2.78839,GB
2639710,Radyr,51.518639,-3.25829,GB
2639715,Radstock,51.28862,-2.46003,GB
2639719,Radley,51.687462,-1.24025,GB
2639720,Radlett,51.685928,-0.31868,GB
2639727,Radcliffe on Trent,52.948021,-1.03855,GB
2639755,Quorndon,52.74461,-1.17348,GB
2639779,Queniborough,52.70591,-1.04749,GB
2639788,Queensferry,55.98333,-3.4,GB
2639792,Queensbury,53.76667,-1.91667,GB
2639796,Queenborough,51.416199,0.74767,GB
2639823,Pyle,51.51667,-3.7,GB
2639828,Pwllheli,52.8899,-4.41451,GB
2639845,Purfleet,51.483898,0.24247,GB
2639864,Pulborough,50.957352,-0.49902,GB
2639874,Prudhoe,54.96154,-1.85168,GB
2639888,Princes Risborough,51.725491,-0.83144,GB
2639902,Prestonpans,55.959389,-2.98038,GB
2639925,Prestbury,53.283329,-2.15,GB
2639934,Preesall,53.918201,-2.96633,GB
2639941,Poynton,53.349998,-2.11667,GB
2639964,Potton,52.129108,-0.21561,GB
2639991,Portstewart,55.18132,-6.71402,GB
2640004,Portrush,55.195919,-6.6493,GB
2640030,Portlethen,57.054741,-2.13066,GB
2640046,Porthleven,50.086182,-5.31501,GB
2640084,Portaferry,54.383331,-5.55,GB
2640090,Poringland,52.567558,1.34961,GB
2640110,Pontyberem,51.778259,-4.1689,GB
2640131,Ponteland,55.05024,-1.74532,GB
2640134,Pontardulais,51.71423,-4.03859,GB
2640185,Pocklington,53.93335,-0.78106,GB
2640255,Pitlochry,56.705139,-3.73432,GB
2640273,Pinxton,53.090618,-1.31767,GB
2640279,Pinchbeck,52.81303,-0.16256,GB
2640285,Pilsley,53.150002,-1.36667,GB
2640327,Pewsey,51.338551,-1.76545,GB
2640332,Petworth,50.986691,-0.61,GB
2640360,Pershore,52.111629,-2.07586,GB
2640367,Perranporth,50.343769,-5.15558,GB
2640393,Pentyrch,51.528889,-3.295,GB
2640413,Penryn,50.168121,-5.10416,GB
2640416,Penrith,54.665791,-2.75757,GB
2640460,Penkridge,52.725559,-2.1156,GB
2640463,Penistone,53.525719,-1.63027,GB
2640484,Pencoed,51.523708,-3.50016,GB
2640498,Pembury,51.14296,0.32187,GB
2640502,Pembroke Dock,51.691608,-4.94036,GB
2640503,Pembroke,51.674641,-4.91286,GB
2640511,Pelton,54.873051,-1.6095,GB
2640512,Pelsall,52.629101,-1.96738,GB
2640517,Pegswood,55.179298,-1.64525,GB
2640574,Patna,55.363701,-4.50457,GB
2640589,Partridge Green,50.9594,-0.30796,GB
2640593,Partington,53.418839,-2.42815,GB
2640601,Parkstone,50.729939,-1.94492,GB
2640621,Parbold,53.59145,-2.77028,GB
2640623,Par,50.35392,-4.71085,GB
2640624,Papworth Everard,52.248932,-0.11827,GB
2640651,Pannal,53.960312,-1.53573,GB
2640654,Pangbourne,51.4837,-1.08519,GB
2640685,Padstow,50.538849,-4.93664,GB
2640687,Padiham,53.801868,-2.31511,GB
2640690,Paddock Wood,51.17942,0.38547,GB
2640717,Oxted,51.25687,-0.00601,GB
2640762,Overtown,55.75,-3.91667,GB
2640765,Overton,51.243889,-1.26154,GB
2640777,Over,53.183331,-2.55,GB
2640781,Outwell,52.609459,0.23333,GB
2640825,Oundle,52.48093,-0.46732,GB
2640832,Oughtibridge,53.436119,-1.53902,GB
2640834,Ottery Saint Mary,50.75,-3.26667,GB
2640840,Ottershaw,51.362621,-0.52752,GB
2640857,Otley,53.905529,-1.69383,GB
2640910,Ormiston,55.913021,-2.93985,GB
2640912,Ormesby Saint Margaret,52.666672,1.7,GB
2640981,Old Windsor,51.458069,-0.58674,GB
2641007,Oldmeldrum,57.334919,-2.3199,GB
2641014,Old Kilpatrick,55.922409,-4.45567,GB
2641036,Oldbury,52.5,-2.01667,GB
2641049,Okehampton,50.738411,-4.0016,GB
2641079,Odiham,51.25407,-0.93933,GB
2641108,Oban,56.412689,-5.47062,GB
2641120,Oakley,56.066669,-3.55,GB
2641128,Oakham,52.666672,-0.73333,GB
2641130,Oakengates,52.695011,-2.45036,GB
2641193,Norton Canes,52.671421,-1.96262,GB
2641233,North Walsham,52.821209,1.38746,GB
2641284,North Petherton,51.09243,-3.01549,GB
2641287,Northorpe,53.466671,-0.65,GB
2641318,Northleach,51.829941,-1.83712,GB
2641356,North Ferriby,53.721241,-0.5052,GB
2641370,North Elmham,52.746399,0.94611,GB
2641419,North Berwick,56.05825,-2.7229,GB
2641434,Northam,51.033329,-4.21667,GB
2641506,Neyland,51.71014,-4.95155,GB
2641510,New Tredegar,51.720509,-3.2413,GB
2641523,Newtown,52.51667,-3.3,GB
2641528,Newton Stewart,54.95784,-4.48315,GB
2641549,Newtonhill,57.033329,-2.15,GB
2641577,New Scone,56.419418,-3.40507,GB
2641582,New Romney,50.985989,0.94122,GB
2641593,Newport-On-Tay,56.43911,-2.9367,GB
2641595,Newport,52.783329,-2.38333,GB
2641610,Newmilns,55.60751,-4.32416,GB
2641612,New Mills,53.365921,-1.99986,GB
2641618,Newmains,55.76667,-3.88333,GB
2641629,Newington,51.352169,0.66768,GB
2641630,Newick,50.975182,0.01579,GB
2641637,Newhaven,50.796928,0.05545,GB
2641649,New Ferry,53.360458,-2.99377,GB
2641651,Newent,51.933651,-2.40815,GB
2641658,New Cumnock,55.39563,-4.18458,GB
2641692,Newburgh,56.333328,-3.25,GB
2641710,Newbold Verdon,52.629589,-1.3422,GB
2641718,Newbiggin-by-the-Sea,55.185322,-1.51469,GB
2641729,Newarthill,55.815102,-3.93733,GB
2641760,Nettleham,53.266029,-0.48866,GB
2641765,Netley,50.876339,-1.35398,GB
2641773,Netherton,52.48333,-2.08333,GB
2641776,Nether Poppleton,53.98793,-1.15062,GB
2641811,Nelson,51.653332,-3.28444,GB
2641815,Neilston,55.78574,-4.42637,GB
2641827,Needingworth,52.330509,-0.03116,GB
2641828,Needham Market,52.155499,1.0516,GB
2641861,Navenby,53.1068,-0.52494,GB
2641884,Narborough,52.566669,-1.2,GB
2641892,Nantwich,53.068779,-2.52051,GB
2641912,Nailsworth,51.693821,-2.2199,GB
2641915,Nafferton,54.019169,-0.38976,GB
2641922,Mytholmroyd,53.730652,-1.98258,GB
2641966,Mundesley,52.86219,1.39552,GB
2641997,Mulbarton,52.559132,1.23327,GB
2642054,Much Wenlock,52.595821,-2.55749,GB
2642057,Much Hadham,51.854069,0.07188,GB
2642096,Mountsorrel,52.716671,-1.15,GB
2642116,Mountain Ash,51.683609,-3.38008,GB
2642143,Mossley,53.514542,-2.03462,GB
2642182,Morpeth,55.167648,-1.6912,GB
2642200,Moreton in Marsh,51.989639,-1.70297,GB
2642302,Montrose,56.700001,-2.45,GB
2642372,Mold,53.16674,-3.14143,GB
2642376,Moira,54.480209,-6.22822,GB
2642384,Moffat,55.332272,-3.44542,GB
2642412,Mitcheldean,51.864399,-2.4895,GB
2642417,Misterton,53.450001,-0.85,GB
2642430,Mintlaw,57.524139,-2.00099,GB
2642450,Minehead,51.20565,-3.47875,GB
2642452,Minchinhampton,51.706749,-2.18502,GB
2642482,Milnthorpe,54.216671,-2.76667,GB
2642483,Milnrow,53.611149,-2.11266,GB
2642484,Milngavie,55.940708,-4.32311,GB
2642505,Millom,54.21072,-3.272,GB
2642511,Millisle,54.60638,-5.52973,GB
2642533,Milford on Sea,50.725609,-1.59004,GB
2642537,Milford,51.172722,-0.65042,GB
2642544,Mildenhall,51.425598,-1.69988,GB
2642549,Milborne Port,50.966049,-2.46248,GB
2642557,Midsomer Norton,51.285671,-2.48591,GB
2642567,Midhurst,50.985592,-0.74003,GB
2642573,Middlewich,53.192959,-2.44402,GB
2642603,Middlestown,53.650791,-1.59762,GB
2642632,Mid Calder,55.892609,-3.48002,GB
2642687,Mevagissey,50.273239,-4.79166,GB
2642695,Metheringham,53.140148,-0.40368,GB
2642697,Messingham,53.528278,-0.65385,GB
2642733,Meopham,51.368439,0.36007,GB
2642743,Menston,53.890411,-1.74395,GB
2642755,Menai Bridge,53.227749,-4.16926,GB
2642766,Meltham,53.583328,-1.85,GB
2642786,Melksham,51.37281,-2.14002,GB
2642801,Melbourne,52.821899,-1.42522,GB
2642802,Melbourn,52.08128,0.01514,GB
2642843,Measham,52.70644,-1.50637,GB
2642876,Mayfield,53,-1.76667,GB
2642882,Maybole,55.35503,-4.68026,GB
2642904,Mauchline,55.516041,-4.37928,GB
2642905,Mattishall,52.65905,1.0325,GB
2642910,Matlock,53.138378,-1.5556,GB
2642927,Maryport,54.71434,-3.49509,GB
2642947,Martock,50.97361,-2.76684,GB
2642959,Martham,52.704639,1.63636,GB
2642963,Marston Moretaine,52.064098,-0.54932,GB
2642980,Marshfield,51.53389,-3.07306,GB
2643010,Marlborough,51.42062,-1.72751,GB
2643011,Markyate,51.838459,-0.46345,GB
2643012,Marks Tey,51.876282,0.76424,GB
2643019,Markfield,52.687469,-1.27476,GB
2643021,Market Weighton,53.863098,-0.66505,GB
2643023,Market Rasen,53.387642,-0.33781,GB
2643025,Market Lavington,51.28756,-1.97729,GB
2643028,Market Drayton,52.90538,-2.49012,GB
2643030,Market Bosworth,52.624279,-1.40174,GB
2643060,Marden,51.17482,0.48855,GB
2643095,Manston,50.950001,-2.26667,GB
2643107,Manningtree,51.945381,1.06112,GB
2643142,Malton,54.134541,-0.79669,GB
2643146,Malmesbury,51.581749,-2.09708,GB
2643196,Magor,51.579441,-2.83139,GB
2643208,Magherafelt,54.753559,-6.60656,GB
2643211,Maghera,54.843899,-6.67145,GB
2643251,Machynlleth,52.590969,-3.85051,GB
2643259,Machen,51.595989,-3.1419,GB
2643262,Macduff,57.67012,-2.49686,GB
2643276,Lytchett Matravers,50.758259,-2.07806,GB
2643298,Lyneham,51.51667,-1.96667,GB
2643304,Lyndhurst,50.872589,-1.57662,GB
2643309,Lymm,53.38105,-2.47763,GB
2643313,Lyminge,51.129509,1.08896,GB
2643318,Lydney,51.725979,-2.52605,GB
2643327,Lydd,50.952259,0.9074,GB
2643329,Lydbrook,51.837631,-2.57818,GB
2643337,Lutterworth,52.456341,-1.20218,GB
2643385,Lundin Links,56.212399,-2.95296,GB
2643425,Ludlow,52.37431,-2.71311,GB
2643437,Luddenden Foot,53.718731,-1.94582,GB
2643543,Lowdham,53.012051,-1.00483,GB
2643583,Lostwithiel,50.407841,-4.67023,GB
2643587,Lossiemouth,57.721359,-3.28341,GB
2643618,Longtown,51.950001,-2.98333,GB
2643620,Longton,52.98333,-2.13333,GB
2643628,Long Stratton,52.488029,1.23478,GB
2643646,Longridge,53.833328,-2.58333,GB
2643652,Longniddry,55.97543,-2.89593,GB
2643661,Long Melford,52.07481,0.71639,GB
2643673,Long Lawford,52.38176,-1.30716,GB
2643704,Longdendale,53.466671,-2,GB
2643707,Long Crendon,51.772942,-0.99684,GB
2643714,Long Buckby,52.302601,-1.08113,GB
2643726,Long Ashton,51.42997,-2.66098,GB
2643773,Loftus,54.555431,-0.89459,GB
2643783,Loddon,52.5327,1.48183,GB
2643791,Lockerbie,55.12302,-3.35635,GB
2643797,Lochwinnoch,55.795212,-4.63034,GB
2643825,Lochgilphead,56.03796,-5.43206,GB
2643827,Lochgelly,56.128262,-3.30964,GB
2643862,Loanhead,55.879452,-3.15874,GB
2643933,Llantwit Major,51.410702,-3.48632,GB
2643934,Llantwit Fardre,51.5546,-3.33241,GB
2643937,Llantrisant,51.540279,-3.37389,GB
2643957,Llanrwst,53.140209,-3.79527,GB
2643990,Llanidloes,52.449772,-3.53997,GB
2643993,Llanharry,51.514221,-3.4324,GB
2643994,Llanharan,51.538052,-3.43906,GB
2644021,Llangollen,52.968288,-3.17127,GB
2644037,Llangefni,53.255611,-4.31063,GB
2644080,Llanfairpwllgwyngyll,53.221409,-4.20329,GB
2644107,Llandysul,52.04166,-4.30909,GB
2644115,Llandybie,51.820438,-4.0071,GB
2644122,Llandrindod Wells,52.241638,-3.37868,GB
2644127,Llandovery,51.994148,-3.79637,GB
2644167,Llanbradach,51.606392,-3.23028,GB
2644207,Liversedge,53.705139,-1.69327,GB
2644268,Littleport,52.45784,0.30603,GB
2644271,Little Paxton,52.25045,-0.25801,GB
2644299,Little Lever,53.549999,-2.36667,GB
2644333,Little Eaton,52.97028,-1.4595,GB
2644350,Little Clacton,51.825569,1.14215,GB
2644381,Little Amwell,51.783329,-0.03333,GB
2644398,Liss,51.043961,-0.89393,GB
2644400,Lisnaskea,54.25,-7.45,GB
2644409,Liskeard,50.454498,-4.46517,GB
2644419,Liphook,51.07716,-0.8032,GB
2644437,Linthwaite,53.62418,-1.85017,GB
2644451,Lingwood,52.62104,1.48616,GB
2644455,Lingfield,51.17482,-0.01287,GB
2644501,Limavady,55.050449,-6.95074,GB
2644544,Leysdown-on-Sea,51.397301,0.92156,GB
2644578,Leven,53.883331,-0.31667,GB
2644600,Lesmahagow,55.636681,-3.88736,GB
2644605,Lerwick,60.15453,-1.14941,GB
2644613,Leominster,52.226521,-2.73907,GB
2644622,Lennoxtown,55.97263,-4.20001,GB
2644624,Lenham,51.237049,0.71892,GB
2644676,Leeswood,53.133469,-3.09466,GB
2644680,Lee-on-the-Solent,50.801689,-1.20174,GB
2644707,Ledbury,52.036388,-2.42635,GB
2644710,Leconfield,53.8773,-0.45729,GB
2644719,Lechlade,51.694031,-1.69128,GB
2644795,Law,55.75,-3.88333,GB
2644809,Laurencekirk,56.833382,-2.4654,GB
2644811,Launceston,50.63699,-4.36006,GB
2644860,Largs,55.796291,-4.86337,GB
2644867,Larbert,56.022461,-3.82872,GB
2644905,Langtoft,52.698341,-0.3404,GB
2644914,Langport,51.037781,-2.82806,GB
2644917,Langley Park,54.799789,-1.67005,GB
2644927,Langholm,55.151009,-2.99889,GB
2644929,Langho,53.80217,-2.45076,GB
2644968,Lanchester,54.821079,-1.74256,GB
2644976,Lanark,55.67371,-3.7817,GB
2644981,Lampeter,52.11285,-4.08039,GB
2645080,Laceby,53.54092,-0.1683,GB
2645099,Knowle,52.383331,-1.73333,GB
2645102,Knottingley,53.707779,-1.25639,GB
2645155,Knighton,52.349998,-3.05,GB
2645161,Knebworth,51.866741,-0.18394,GB
2645180,Kirton in Lindsey,53.475479,-0.59566,GB
2645181,Kirton,52.927738,-0.06008,GB
2645191,Kirriemuir,56.673981,-3.00343,GB
2645232,Kirk Sandall,53.562111,-1.06876,GB
2645249,Kirkliston,55.95364,-3.40288,GB
2645280,Kirkham,53.78244,-2.87189,GB
2645287,Kirkcudbright,54.838299,-4.04908,GB
2645291,Kirkconnel,55.385609,-3.99836,GB
2645314,Kirkburton,53.61047,-1.70292,GB
2645335,Kirby Muxloe,52.633381,-1.23322,GB
2645358,Kintore,57.237209,-2.3454,GB
2645361,Kintbury,51.399578,-1.44865,GB
2645411,Kington,52.200001,-2.01667,GB
2645413,Kings Worthy,51.088619,-1.2978,GB
2645460,Kings Langley,51.713951,-0.45044,GB
2645464,Kingskerswell,50.499149,-3.58195,GB
2645479,Kingsclere,51.324871,-1.24339,GB
2645483,Kingsbury,52.561062,-1.67936,GB
2645500,Kinghorn,56.068958,-3.17607,GB
2645525,Kincardine,56.066669,-3.71667,GB
2645539,Kimberley,52.98333,-1.26667,GB
2645548,Kilsyth,55.97596,-4.05916,GB
2645599,Kilmaurs,55.638008,-4.5273,GB
2645611,Kilmacolm,55.894699,-4.62643,GB
2645613,Killyleagh,54.400002,-5.71667,GB
2645653,Killamarsh,53.323952,-1.31688,GB
2645663,Kilgetty,51.732029,-4.71983,GB
2645703,Kilburn,53.005798,-1.43869,GB
2645712,Kilbirnie,55.75082,-4.68791,GB
2645714,Kilbarchan,55.836201,-4.55356,GB
2645720,Kidwelly,51.736389,-4.30333,GB
2645728,Kibworth Harcourt,52.544392,-0.99491,GB
2645734,Keyingham,53.70961,-0.11325,GB
2645756,Keswick,54.599468,-3.13256,GB
2645761,Kessingland,52.419868,1.70878,GB
2645778,Keresley,52.451561,-1.53319,GB
2645803,Kennoway,56.210812,-3.04917,GB
2645804,Kennington,51.1674,0.88491,GB
2645830,Kemsing,51.306042,0.22917,GB
2645833,Kempsey,52.139359,-2.21751,GB
2645836,Kemnay,57.235729,-2.44395,GB
2645840,Kelvedon Hatch,51.667389,0.26814,GB
2645843,Kelty,56.133621,-3.3869,GB
2645849,Kelso,55.598141,-2.43382,GB
2645853,Kelsall,53.207748,-2.71242,GB
2645880,Keith,57.536331,-2.94811,GB
2645891,Kegworth,52.83482,-1.28042,GB
2645898,Keelby,53.575802,-0.24701,GB
2645911,Kearsley,53.533329,-2.38333,GB
2645917,Keady,54.25,-6.7,GB
2645970,Jedburgh,55.479969,-2.552,GB
2645983,Ixworth,52.298931,0.8341,GB
2645988,Ivybridge,50.390388,-3.91914,GB
2645989,Ivinghoe,51.836021,-0.62983,GB
2645990,Iver,51.5,-0.5,GB
2646012,Isleham,52.342892,0.41212,GB
2646034,Irthlingborough,52.32674,-0.61129,GB
2646055,Irchester,52.281078,-0.6451,GB
2646062,Ipplepen,50.489189,-3.639,GB
2646104,Inverkeithing,56.03297,-3.39555,GB
2646115,Invergordon,57.688599,-4.16745,GB
2646134,Inverbervie,56.844631,-2.27997,GB
2646172,Innerleithen,55.61927,-3.06301,GB
2646202,Ingoldmells,53.194141,0.33358,GB
2646208,Ingleby Greenhow,54.449829,-1.10687,GB
2646219,Ingatestone,51.670269,0.38359,GB
2646256,Immingham,53.612389,-0.22219,GB
2646265,Ilminster,50.926842,-2.91009,GB
2646272,Ilkley,53.924492,-1.82326,GB
2646276,Ilfracombe,51.209301,-4.11344,GB
2646279,Ilchester,51.005871,-2.67981,GB
2646311,Ibstock,52.685539,-1.39965,GB
2646316,Hythe,51.071499,1.08421,GB
2646403,Hunstanton,52.950001,0.5,GB
2646406,Hunmanby,54.179569,-0.32007,GB
2646499,Howden,53.742062,-0.86569,GB
2646507,Houston,55.868591,-4.55201,GB
2646559,Horsford,52.70153,1.24015,GB
2646578,Horrabridge,50.50843,-4.10042,GB
2646583,Hornsea,53.910412,-0.16806,GB
2646595,Horncastle,53.207748,-0.1172,GB
2646620,Hopton on Sea,52.533329,1.73333,GB
2646654,Hook,51.284248,-0.95967,GB
2646656,Hoo,51.417519,0.5652,GB
2646670,Holywood,54.63863,-5.82473,GB
2646673,Holywell,53.274658,-3.22895,GB
2646675,Holytown,55.82011,-3.9727,GB
2646686,Holyhead,53.30621,-4.63211,GB
2646694,Holton le Clay,53.505199,-0.063,GB
2646704,Holsworthy,50.811958,-4.35383,GB
2646716,Holmfirth,53.569679,-1.78777,GB
2646720,Holmes Chapel,53.201401,-2.35742,GB
2646787,Holbeach,52.804008,0.01442,GB
2646814,Hockley,52.5,-1.91667,GB
2646850,Hinton,51.489719,-2.38472,GB
2646856,Hingham,52.579689,0.98422,GB
2646863,Hindhead,51.113811,-0.73351,GB
2646890,Hillsborough,54.463451,-6.07664,GB
2646916,Highworth,51.630508,-1.711,GB
2646921,High Valleyfield,56.063568,-3.59913,GB
2646922,Hightown,53.51667,-3.05,GB
2646963,High Etherley,54.653912,-1.74363,GB
2646972,Highclere,51.3386,-1.37569,GB
2646977,Highbridge,51.216671,-2.98333,GB
2646981,High Bentham,54.118229,-2.51199,GB
2646985,Higham Ferrers,52.305962,-0.59342,GB
2647007,Hexham,54.96986,-2.104,GB
2647021,Hetton le Hole,54.816669,-1.45,GB
2647023,Hethersett,52.59761,1.17359,GB
2647097,Henlow,52.030209,-0.28599,GB
2647102,Henley in Arden,52.290321,-1.77807,GB
2647111,Henfield,50.932041,-0.27328,GB
2647120,Hemsworth,53.612671,-1.35424,GB
2647123,Hemsby,52.69714,1.69181,GB
2647125,Hempstead,52.016529,0.37886,GB
2647133,Hemingford Grey,52.317558,-0.10029,GB
2647143,Helston,50.103191,-5.27045,GB
2647145,Helsby,53.27396,-2.76905,GB
2647178,Helensburgh,56.006142,-4.72648,GB
2647187,Heighington,53.21241,-0.45902,GB
2647191,Hedon,53.73962,-0.19655,GB
2647200,Heckington,52.981831,-0.29903,GB
2647207,Hebden Bridge,53.740929,-2.01337,GB
2647229,Healing,53.581009,-0.16202,GB
2647232,Heage,53.050499,-1.44688,GB
2647258,Hayle,50.183922,-5.42137,GB
2647260,Hayfield,53.378929,-1.94544,GB
2647269,Haxby,54.01635,-1.0768,GB
2647278,Haworth,53.829048,-1.94827,GB
2647289,Hawkinge,51.112759,1.16176,GB
2647291,Hawkhurst,51.047901,0.51095,GB
2647311,Haverfordwest,51.801689,-4.96914,GB
2647340,Hathern,52.795479,-1.25644,GB
2647343,Hatfield Peverel,51.775909,0.59489,GB
2647359,Hassocks,50.928139,-0.16617,GB
2647365,Haslemere,51.090149,-0.70785,GB
2647385,Harwell,51.599468,-1.29175,GB
2647391,Hartshill,52.54203,-1.52006,GB
2647406,Harthill,55.866669,-3.75,GB
2647421,Harrow on the Hill,51.571419,-0.33371,GB
2647467,Harleston,52.401211,1.29815,GB
2647487,Harefield,51.599998,-0.48333,GB
2647502,Harbury,52.235371,-1.45706,GB
2647585,Hamble,50.859661,-1.32432,GB
2647593,Haltwhistle,54.971008,-2.45682,GB
2647599,Halton,53.316669,-2.7,GB
2647605,Halstead,51.327961,0.13269,GB
2647638,Halesworth,52.346401,1.5029,GB
2647675,Hadlow,51.224171,0.33914,GB
2647677,Hadley,52.700001,-2.48333,GB
2647686,Haddington,55.95612,-2.78332,GB
2647688,Haddenham,51.773258,-0.92628,GB
2647759,Gunnislake,50.52441,-4.21333,GB
2647761,Gunness,53.590801,-0.72834,GB
2647778,Gullane,56.035389,-2.82951,GB
2647910,Gretna,54.993801,-3.06594,GB
2647919,Gresford,53.085388,-2.97062,GB
2647962,Greenhithe,51.45026,0.28539,GB
2647975,Greenfield,53.283329,-3.21667,GB
2648003,Great Totham,51.77354,0.68932,GB
2648057,Great Missenden,51.704189,-0.70797,GB
2648084,Great Harwood,53.785118,-2.40865,GB
2648096,Great Gonerby,52.93507,-0.66685,GB
2648097,Great Glen,52.575481,-1.0349,GB
2648117,Great Dunmow,51.872299,0.36255,GB
2648120,Driffield,54.00489,-0.43872,GB
2648168,Great Barford,52.157909,-0.35235,GB
2648172,Great Ayton,54.491482,-1.13623,GB
2648205,Grantown on Spey,57.316669,-3.61667,GB
2648253,Goxhill,53.67635,-0.33759,GB
2648259,Gourock,55.961571,-4.81789,GB
2648301,Goring,51.52322,-1.13342,GB
2648308,Gorebridge,55.84594,-3.04563,GB
2648314,Goostrey,53.22731,-2.33919,GB
2648363,Godstone,51.248428,-0.06781,GB
2648373,Gobowen,52.896149,-3.03686,GB
2648383,Gnosall,52.78558,-2.25483,GB
2648385,Glyn-neath,51.747501,-3.61833,GB
2648549,Glemsford,52.103512,0.66912,GB
2648603,Glanamman,51.799999,-3.93333,GB
2648626,Girvan,55.24255,-4.85551,GB
2648627,Girton,52.23333,0.08333,GB
2648642,Gilwern,51.824749,-3.09355,GB
2648658,Gillingham,51.03833,-2.27611,GB
2648670,Gilfach Goch,51.592129,-3.47296,GB
2648829,Garstang,53.90081,-2.77417,GB
2648899,Gamlingay,52.155609,-0.19303,GB
2648909,Galston,55.600929,-4.38172,GB
2648954,Gaerwen,53.221119,-4.27362,GB
2649000,Fulbourn,52.18325,0.22213,GB
2649029,Frodsham,53.294849,-2.72745,GB
2649033,Frizington,54.541851,-3.4946,GB
2649052,Frimley,51.302879,-0.72527,GB
2649069,Freshwater,50.692001,-1.50787,GB
2649076,Fremington,51.066669,-4.11667,GB
2649083,Freckleton,53.75433,-2.86489,GB
2649089,Fraserburgh,57.687439,-2.01844,GB
2649104,Framlingham,52.221169,1.34205,GB
2649126,Fowey,50.336342,-4.6386,GB
2649132,Four Marks,51.107349,-1.04945,GB
2649169,Fort William,56.816479,-5.11208,GB
2649170,Fortuneswell,50.560299,-2.44243,GB
2649179,Forth,55.765018,-3.68874,GB
2649192,Forres,57.611252,-3.61078,GB
2649228,Fordingbridge,50.927471,-1.79029,GB
2649295,Flitwick,52.00338,-0.49472,GB
2649301,Flint,53.244881,-3.13231,GB
2649349,Fitzwilliam,53.632881,-1.3769,GB
2649372,Fishguard,51.993759,-4.97631,GB
2649376,Fishburn,54.682961,-1.43631,GB
2649428,Finedon,52.339169,-0.65008,GB
2649463,Filey,54.209999,-0.28917,GB
2649516,Ferryhill,54.683331,-1.55,GB
2649528,Fernhill Heath,52.230019,-2.19659,GB
2649531,Ferndale,51.660561,-3.4475,GB
2649593,Featherstone,53.67688,-1.35647,GB
2649609,Fazeley,52.614429,-1.6985,GB
2649624,Fauldhouse,55.827492,-3.70741,GB
2649652,Farnsfield,53.10223,-1.0332,GB
2649657,Farnham Royal,51.54208,-0.61584,GB
2649666,Farndon,53.049999,-0.85,GB
2649686,Faringdon,51.656441,-1.58676,GB
2649730,Fakenham,52.82996,0.8477,GB
2649741,Fairford,51.70816,-1.78128,GB
2649774,Eynsham,51.780769,-1.37454,GB
2649775,Eynsford,51.367649,0.21132,GB
2649784,Eyemouth,55.8713,-2.0901,GB
2649788,Eye,52.608002,-0.19209,GB
2649803,Exminster,50.680752,-3.49706,GB
2649805,Exhall,52.464642,-1.48144,GB
2649852,Euxton,53.669899,-2.67615,GB
2649863,Etwall,52.88353,-1.60023,GB
2649873,Eton,51.488331,-0.60905,GB
2649984,Enniskillen,54.346149,-7.64133,GB
2650000,Enderby,52.58778,-1.20619,GB
2650007,Emneth,52.642441,0.20857,GB
2650023,Ely,52.398571,0.25811,GB
2650051,Elstead,51.183109,-0.70724,GB
2650059,Elsenham,51.91431,0.22934,GB
2650068,Elmswell,52.23616,0.91247,GB
2650086,Ellon,57.364052,-2.07313,GB
2650097,Ellesmere,52.916672,-2.88333,GB
2650110,Elland,53.685101,-1.83878,GB
2650174,Egremont,54.479408,-3.52756,GB
2650184,Eglinton,55.01667,-7.18333,GB
2650200,Edwinstowe,53.194538,-1.06439,GB
2650244,Edenfield,53.66674,-2.30481,GB
2650246,Edenbridge,51.191719,0.06729,GB
2650274,Eccleshall,52.857891,-2.24971,GB
2650293,Eaton Socon,52.217522,-0.28925,GB
2650295,Eaton Bray,51.876968,-0.59167,GB
2650311,East Wittering,50.769691,-0.87444,GB
2650341,Eastry,51.246391,1.30776,GB
2650357,East Peckham,51.212341,0.38624,GB
2650368,Easton,50.533329,-2.45,GB
2650392,East Linton,55.98737,-2.65682,GB
2650397,East Leake,52.830151,-1.18103,GB
2650411,East Horsley,51.273579,-0.43207,GB
2650424,East Harling,52.438431,0.93353,GB
2650489,East Calder,55.891861,-3.46372,GB
2650519,Easington,53.653591,0.11501,GB
2650550,Earls Colne,51.927441,0.70107,GB
2650552,Earls Barton,52.26627,-0.75248,GB
2650563,Earby,53.915459,-2.14285,GB
2650572,Eaglesham,55.741192,-4.27459,GB
2650584,Dyserth,53.30032,-3.41262,GB
2650589,Dymchurch,51.02544,0.99392,GB
2650601,Dyce,57.205219,-2.17676,GB
2650613,Dursley,51.681389,-2.35333,GB
2650646,Duntocher,55.92437,-4.41545,GB
2650673,Duns,55.777039,-2.34575,GB
2650681,Dunoon,55.94698,-4.92303,GB
2650686,Dunnington,53.950001,-0.25,GB
2650712,Dunkirk,51.291691,0.97929,GB
2650718,Dunipace,56.027,-3.91471,GB
2650721,Dunholme,53.300671,-0.46541,GB
2650726,Dungiven,54.933331,-6.91667,GB
2650729,Dungannon,54.503441,-6.76723,GB
2650748,Dundonald,55.566669,-4.58333,GB
2650761,Dunchurch,52.33757,-1.29136,GB
2650769,Dunblane,56.188431,-3.96417,GB
2650836,Duffield,52.986271,-1.48865,GB
2650976,Dromore,54.51667,-7.46667,GB
2650996,Dreghorn,55.599998,-4.61667,GB
2651020,Downton,51,-1.73333,GB
2651023,Downpatrick,54.326328,-5.70345,GB
2651030,Downham Market,52.60289,0.37899,GB
2651117,Donisthorpe,52.72401,-1.538,GB
2651119,Donington,52.90461,-0.20505,GB
2651133,Donaghadee,54.633331,-5.53333,GB
2651151,Dollar,56.162449,-3.67135,GB
2651154,Dolgellau,52.743198,-3.88508,GB
2651172,Dodworth,53.54306,-1.52779,GB
2651214,Diss,52.376751,1.1091,GB
2651215,Disley,53.35865,-2.03848,GB
2651245,Dingwall,57.59531,-4.42721,GB
2651248,Dinas Powys,51.43486,-3.21398,GB
2651294,Devizes,51.350842,-1.99421,GB
2651309,Desford,52.62598,-1.29395,GB
2651366,Denny,56.023499,-3.90812,GB
2651374,Denholme,53.801891,-1.89503,GB
2651378,Denham,51.566669,-0.5,GB
2651382,Denby Dale,53.572281,-1.65895,GB
2651407,Deganwy,53.304459,-3.82735,GB
2651461,Deanshanger,52.049961,-0.88663,GB
2651474,Dawlish,50.581181,-3.46644,GB
2651492,Datchet,51.483898,-0.57893,GB
2651496,Darvel,55.60976,-4.28142,GB
2651520,Darfield,53.533901,-1.37595,GB
2651521,Daresbury,53.341839,-2.635,GB
2651532,Danbury,51.71645,0.58245,GB
2651551,Dalton in Furness,54.150002,-3.16667,GB
2651587,Dalkeith,55.89341,-3.06381,GB
2651609,Dalbeattie,54.932781,-3.82271,GB
2651662,Cuxton,51.374298,0.45688,GB
2651685,Currie,55.8964,-3.30845,GB
2651698,Cupar,56.31876,-3.01204,GB
2651706,Cumnock,55.454449,-4.26644,GB
2651732,Culmore,55.049999,-7.26667,GB
2651738,Cullybackey,54.888748,-6.34701,GB
2651739,Cullompton,50.855301,-3.39268,GB
2651748,Cullingworth,53.82444,-1.8973,GB
2651763,Culcheth,53.451099,-2.52104,GB
2651777,Cuffley,51.707989,-0.11209,GB
2651778,Cudworth,53.571308,-1.41595,GB
2651788,Cuckfield,51.010731,-0.14068,GB
2651804,Crumlin,54.624321,-6.2156,GB
2651843,Crowland,52.675709,-0.16849,GB
2651857,Croston,53.66217,-2.77523,GB
2651870,Crosshouse,55.612579,-4.55091,GB
2651872,Cross Hands,51.79306,-4.0875,GB
2651873,Crossgates,56.066669,-3.38333,GB
2651878,Crossford,56.049999,-3.5,GB
2651915,Crook,54.700001,-1.73333,GB
2651927,Cromford,53.108479,-1.56014,GB
2651948,Crofton,53.656391,-1.42968,GB
2651971,Cringleford,52.60482,1.24334,GB
2651985,Cricklade,51.64061,-1.85738,GB
2652000,Crewkerne,50.88298,-2.79588,GB
2652007,Creswell,53.25,-1.21667,GB
2652034,Crediton,50.783329,-3.65,GB
2652035,Credenhill,52.083511,-2.80804,GB
2652061,Craven Arms,52.443081,-2.83562,GB
2652082,Cranleigh,51.14209,-0.48374,GB
2652087,Cranfield,52.068691,-0.60884,GB
2652088,Cranbrook,51.096619,0.53567,GB
2652176,Coylton,55.445278,-4.5195,GB
2652181,Coxhoe,54.714748,-1.50356,GB
2652198,Cowie,56.066669,-3.86667,GB
2652207,Cowdenbeath,56.111938,-3.34426,GB
2652209,Cowbridge,51.460281,-3.44167,GB
2652236,Coupar Angus,56.545521,-3.26774,GB
2652239,Countesthorpe,52.553791,-1.14526,GB
2652269,Cottenham,52.28743,0.1254,GB
2652282,Cotgrave,52.908588,-1.03752,GB
2652289,Costessey,52.659142,1.2097,GB
2652294,Cosham,50.846539,-1.06344,GB
2652298,Cosby,52.55127,-1.19395,GB
2652318,Corsham,51.43433,-2.18437,GB
2652382,Corbridge,54.973652,-2.01798,GB
2652389,Coppull,53.625271,-2.65854,GB
2652396,Copmanthorpe,53.914188,-1.14209,GB
2652423,Cookham,51.559361,-0.7081,GB
2652426,Conwy,53.280769,-3.83039,GB
2652439,Conon Bridge,57.566299,-4.43678,GB
2652461,Coningsby,53.10598,-0.17595,GB
2652463,Congresbury,51.371349,-2.81018,GB
2652478,Comrie,56.379101,-3.9949,GB
2652491,Compton,51.020191,-1.33992,GB
2652502,Comberton,52.187092,0.01905,GB
2652505,Comber,54.54937,-5.74379,GB
2652508,Combe Martin,51.19873,-4.02343,GB
2652516,Colwich,52.78764,-1.98206,GB
2652525,Coltishall,52.728039,1.36653,GB
2652546,Colnbrook,51.483841,-0.52142,GB
2652558,Collingham,53.911671,-1.41174,GB
2652577,Colinton,55.907391,-3.25609,GB
2652585,Colerne,51.438332,-2.2628,GB
2652591,Coleford,51.799999,-2.6,GB
2652640,Coggeshall,51.87077,0.68536,GB
2652653,Codsall,52.62989,-2.20148,GB
2652656,Codicote,51.850521,-0.2367,GB
2652681,Cockenzie,55.968231,-2.96562,GB
2652695,Coates,51.7075,-2.03389,GB
2652703,Coalisland,54.541801,-6.70166,GB
2652739,Clutton,51.329441,-2.54306,GB
2652771,Clowne,53.27449,-1.26406,GB
2652790,Clophill,52.027271,-0.42377,GB
2652849,Cliffe,51.462238,0.49833,GB
2652857,Cleveleys,53.877499,-3.03987,GB
2652874,Cleobury Mortimer,52.378529,-2.48196,GB
2652876,Clenchwarton,52.756039,0.3579,GB
2652891,Cleator Moor,54.521431,-3.5159,GB
2652898,Clayton West,53.595009,-1.61107,GB
2652899,Clayton le Moors,53.76667,-2.38333,GB
2652908,Claydon,52.148129,-1.33295,GB
2652950,Clapham,52.160851,-0.49529,GB
2652976,Clackmannan,56.10743,-3.75098,GB
2653021,Church Stretton,52.537781,-2.80149,GB
2653049,Church,53.75177,-2.39121,GB
2653056,Chudleigh,50.604961,-3.60031,GB
2653060,Chryston,55.902802,-4.10759,GB
2653085,Chorleywood,51.650002,-0.48333,GB
2653095,Cholsey,51.5728,-1.15356,GB
2653109,Chobham,51.34584,-0.60459,GB
2653131,Chirk,52.93586,-3.05738,GB
2653138,Chipping Ongar,51.703789,0.24548,GB
2653139,Chipping Norton,51.94109,-1.5453,GB
2653140,Chipping Campden,52.049641,-1.7767,GB
2653145,Chinnor,51.701771,-0.91161,GB
2653178,Chigwell,51.619991,0.07596,GB
2653183,Chiddingfold,51.11866,-0.62262,GB
2653188,Chickerell,50.62429,-2.5028,GB
2653239,Chertsey,51.388119,-0.50782,GB
2653281,Cheddar,51.275372,-2.77662,GB
2653292,Cheadle,52.98333,-1.98333,GB
2653298,Chatteris,52.454048,0.05006,GB
2653307,Chasetown,52.672321,-1.92535,GB
2653310,Chartham,51.256199,1.01836,GB
2653324,Charlton Kings,51.883739,-2.04239,GB
2653339,Charlbury,51.8727,-1.48247,GB
2653343,Charfield,51.62722,-2.40667,GB
2653357,Chapel Saint Leonards,53.216671,0.31667,GB
2653366,Chapelhall,55.843491,-3.94881,GB
2653391,Chalgrove,51.664761,-1.0764,GB
2653392,Chalford,51.72583,-2.15139,GB
2653394,Chalfont Saint Giles,51.63184,-0.57026,GB
2653499,Catterick,54.37542,-1.63328,GB
2653500,Catterall,53.87965,-2.76478,GB
2653504,Catrine,55.504219,-4.33026,GB
2653505,Caton,54.066669,-2.71667,GB
2653534,Castlewellan,54.26667,-5.93333,GB
2653550,Castleside,54.83429,-1.87849,GB
2653594,Castlederg,54.700001,-7.6,GB
2653595,Castledawson,54.777229,-6.56227,GB
2653601,Castle Cary,51.09,-2.51417,GB
2653656,Carryduff,54.51799,-5.88713,GB
2653704,Carnoustie,56.501362,-2.70905,GB
2653756,Carluke,55.73595,-3.83019,GB
2653824,Cardenden,56.143101,-3.25687,GB
2653825,Carcroft,53.582821,-1.17648,GB
2653845,Capel Saint Mary,52.003689,1.04482,GB
2653910,Campsall,53.619171,-1.18002,GB
2653915,Campbeltown,55.425831,-5.60764,GB
2653974,Calne,51.438789,-2.00571,GB
2653981,Callington,50.501469,-4.31314,GB
2653989,Callander,56.244099,-4.21637,GB
2654014,Caldicot,51.586609,-2.75736,GB
2654020,Caldercruix,55.888859,-3.88664,GB
2654043,Caistor,53.496731,-0.31538,GB
2654044,Caister-on-Sea,52.64809,1.72648,GB
2654054,Cairnryan,54.971039,-5.01982,GB
2654066,Cairneyhill,56.059078,-3.53518,GB
2654093,Caerleon,51.60952,-2.95378,GB
2654095,Caergwrle,53.109531,-3.03808,GB
2654107,Cadnam,50.920471,-1.5797,GB
2654115,Caddington,51.866211,-0.45679,GB
2654194,Burwell,53.293049,0.03463,GB
2654199,Burtonwood,53.429482,-2.65852,GB
2654201,Burton upon Stather,53.649109,-0.68453,GB
2654208,Burton Latimer,52.363682,-0.67853,GB
2654209,Burton Joyce,52.988251,-1.03407,GB
2654216,Burton,53.26667,-0.56667,GB
2654226,Bursledon,50.886581,-1.31596,GB
2654229,Burry Port,51.684349,-4.24687,GB
2654255,Burntisland,56.062481,-3.23176,GB
2654260,Burnopfield,54.906239,-1.72486,GB
2654265,Burniston,54.323849,-0.44813,GB
2654270,Burnham on Crouch,51.632721,0.81488,GB
2654285,Burley in Wharfedale,53.910198,-1.75798,GB
2654298,Burgh le Marsh,53.161579,0.24484,GB
2654323,Buntingford,51.946121,-0.01841,GB
2654327,Bungay,52.454342,1.43818,GB
2654357,Bulford,51.189301,-1.76009,GB
2654359,Builth Wells,52.149399,-3.40469,GB
2654371,Bugle,50.395771,-4.79334,GB
2654372,Bugbrooke,52.21006,-1.01304,GB
2654376,Budleigh Salterton,50.629829,-3.32181,GB
2654380,Bude,50.824348,-4.5413,GB
2654411,Buckie,57.675701,-2.96238,GB
2654416,Buckfastleigh,50.481319,-3.77913,GB
2654419,Buckden,52.294151,-0.24912,GB
2654437,Brynmawr,51.799999,-3.18333,GB
2654447,Brynamman,51.799999,-3.86667,GB
2654454,Bruton,51.112499,-2.45278,GB
2654461,Brundall,52.622681,1.43876,GB
2654480,Broxburn,55.934151,-3.47133,GB
2654481,Broxbourne,51.74712,-0.01923,GB
2654502,Broughton Astley,52.52787,-1.21768,GB
2654509,Broughton,52.366669,-0.76667,GB
2654515,Broughshane,54.892601,-6.20899,GB
2654532,Brough,53.700001,-0.58333,GB
2654539,Broseley,52.613209,-2.48269,GB
2654589,Bromham,52.145081,-0.52906,GB
2654615,Brockenhurst,50.819359,-1.57303,GB
2654628,Broadway,52.033329,-1.85,GB
2654630,Broadwater,50.816669,-0.36667,GB
2654660,Brixworth,52.329121,-0.9035,GB
2654711,Brightlingsea,51.811642,1.02336,GB
2654721,Brigg,53.55201,-0.49214,GB
2654725,Brierfield,53.82468,-2.23415,GB
2654726,Bridport,50.733799,-2.75831,GB
2654731,Bridgnorth,52.53661,-2.42033,GB
2654736,Bridge of Weir,55.849998,-4.58333,GB
2654742,Bridge of Earn,56.348419,-3.4065,GB
2654747,Bridge of Allan,56.154018,-3.94631,GB
2654767,Brewood,52.67712,-2.17414,GB
2654787,Brentford,51.486191,-0.3083,GB
2654807,Bredon,52.03046,-2.11,GB
2654824,Brechin,56.729931,-2.65729,GB
2654832,Bream,51.748219,-2.57747,GB
2654848,Brayton,53.765099,-1.08921,GB
2654858,Braunton,51.108471,-4.16131,GB
2654883,Bransgore,50.781528,-1.73771,GB
2654897,Brandon,52.381989,-1.39956,GB
2654915,Brampton,54.950001,-2.73333,GB
2654919,Brampton,52.320389,-0.22007,GB
2654924,Bramley,51.194511,-0.55927,GB
2654925,Bramhope,53.884892,-1.61641,GB
2654991,Bradford-on-Avon,51.347721,-2.25065,GB
2655012,Brackley,52.033329,-1.15,GB
2655043,Boxgrove,50.858841,-0.7136,GB
2655069,Bowdon,53.376438,-2.36532,GB
2655078,Bovington Camp,50.697819,-2.23506,GB
2655079,Bovingdon,51.723122,-0.5367,GB
2655081,Bovey Tracey,50.59259,-3.67543,GB
2655087,Bourton on the Water,51.866669,-1.75,GB
2655097,Bourne End,51.576221,-0.71291,GB
2655099,Bourne,52.76667,-0.38333,GB
2655123,Bottisham,52.222801,0.25878,GB
2655128,Botley,50.91433,-1.26984,GB
2655130,Bothwell,55.802719,-4.06835,GB
2655136,Boston Spa,53.90419,-1.34523,GB
2655143,Bosham,50.830879,-0.85384,GB
2655168,Borrowash,52.906731,-1.38411,GB
2655172,Borough Green,51.29158,0.30478,GB
2655173,Boroughbridge,54.0895,-1.4011,GB
2655188,Boreham,51.19944,-2.16556,GB
2655211,Bonnybridge,56.001518,-3.8886,GB
2655214,Bonhill,55.979439,-4.5638,GB
2655215,Boness,56.01667,-3.61667,GB
2655230,Bolton upon Dearne,53.51667,-1.31667,GB
2655232,Bolton le Sands,54.083328,-2.78333,GB
2655242,Bolsover,53.228458,-1.29204,GB
2655245,Bollington,53.29446,-2.10963,GB
2655250,The Boldons,54.9426,-1.45349,GB
2655331,Bloxham,52.01812,-1.37527,GB
2655346,Blidworth,53.098492,-1.11689,GB
2655352,Bletchingley,51.240589,-0.10038,GB
2655369,Blaydon-on-Tyne,54.964611,-1.71392,GB
2655378,Blandford Forum,50.860729,-2.16174,GB
2655394,Blairgowrie,56.591572,-3.34045,GB
2655413,Blaenavon,51.774021,-3.08537,GB
2655414,Blaenau-Ffestiniog,52.99464,-3.93697,GB
2655418,Blackwood,55.666672,-3.91667,GB
2655420,Blackwell,53.116669,-1.33333,GB
2655454,Blackrod,53.592289,-2.58026,GB
2655523,Blackburn,55.866669,-3.63333,GB
2655532,Blaby,52.575771,-1.16403,GB
2655548,Bishopton,55.909691,-4.5056,GB
2655550,Bishopthorpe,53.919102,-1.09915,GB
2655551,Bishops Waltham,50.950001,-1.21667,GB
2655556,Bishopston,51.577499,-4.04806,GB
2655558,Bishopsteignton,50.551929,-3.53852,GB
2655564,Bishops Lydeard,51.05917,-3.18778,GB
2655618,Birdwell,53.513981,-1.47929,GB
2655624,Bircotes,53.419331,-1.04905,GB
2655643,Bingham,52.94978,-0.95907,GB
2655654,Bilston,52.566669,-2.06667,GB
2655655,Bilsthorpe,53.14024,-1.03392,GB
2655662,Billingshurst,51.019211,-0.45413,GB
2655666,Billinge,53.497952,-2.7081,GB
2655690,Biggin Hill,51.41629,-0.10947,GB
2655718,Bicknacre,51.694031,0.58519,GB
2655781,Bewdley,52.375389,-2.31717,GB
2655800,Betws,51.569172,-3.58833,GB
2655804,Bethesda,53.166672,-4.08333,GB
2655861,Berkeley,51.691109,-2.45917,GB
2655864,Bere Alston,50.48233,-4.19034,GB
2655925,Bembridge,50.68634,-1.08275,GB
2655994,Beith,55.749229,-4.6368,GB
2656000,Beighton,53.333328,-1.33333,GB
2656033,Bedwas,51.591831,-3.19886,GB
2656051,Bedale,54.288109,-1.59181,GB
2656067,Beccles,52.453499,1.56401,GB
2656100,Beaminster,50.808998,-2.7391,GB
2656120,Beaconsfield,51.61219,-0.64732,GB
2656144,Bawtry,53.431461,-1.01878,GB
2656161,Battle,50.91732,0.48417,GB
2656184,Bassingbourn,52.078209,-0.0539,GB
2656193,Basing,51.26667,-1.03333,GB
2656206,Barton upon Humber,53.680038,-0.43765,GB
2656207,Barton under Needwood,52.76268,-1.724,GB
2656212,Barton-le-Clay,51.965981,-0.42731,GB
2656239,Barrow upon Soar,52.751781,-1.14601,GB
2656240,Barrow upon Humber,53.675499,-0.38062,GB
2656243,Barrowford,53.8465,-2.21838,GB
2656246,Barrowby,52.916359,-0.69094,GB
2656277,Barnt Green,52.35902,-2.00715,GB
2656287,Barnoldswick,53.91711,-2.18705,GB
2656293,Barnham,50.8312,-0.63789,GB
2656305,Barnard Castle,54.5415,-1.919,GB
2656311,Barmouth,52.72377,-4.05748,GB
2656322,Barlestone,52.647179,-1.37013,GB
2656324,Barlborough,53.287949,-1.28815,GB
2656340,Bargoed,51.683331,-3.23333,GB
2656354,Bardsey,53.884918,-1.44539,GB
2656378,Banwell,51.328941,-2.86914,GB
2656382,Bannockburn,56.089779,-3.91092,GB
2656388,Banks,53.683331,-2.91667,GB
2656405,Banchory,57.051682,-2.48824,GB
2656421,Bampton,51.726341,-1.54547,GB
2656483,Ballynahinch,54.400002,-5.88333,GB
2656488,Ballymoney,55.070801,-6.51009,GB
2656509,Ballygowan,54.501652,-5.79168,GB
2656528,Ballyclare,54.76667,-6.01667,GB
2656531,Ballycastle,55.204441,-6.24298,GB
2656551,Ballingry,56.163921,-3.32841,GB
2656586,Balerno,55.884369,-3.33975,GB
2656594,Baldock,51.987808,-0.18835,GB
2656617,Bakewell,53.213379,-1.67481,GB
2656632,Bagshot,51.360691,-0.68802,GB
2656636,Bagillt,53.2654,-3.16551,GB
2656642,Badsey,52.088188,-1.89925,GB
2656666,Bacup,53.703362,-2.2007,GB
2656713,Aylsham,52.79512,1.25178,GB
2656716,Aylesford,51.303741,0.47936,GB
2656725,Axminster,50.782589,-2.99787,GB
2656730,Axbridge,51.286942,-2.81694,GB
2656731,Awsworth,52.98912,-1.28354,GB
2656752,Aviemore,57.19553,-3.8259,GB
2656759,Aveley,51.49987,0.25174,GB
2656799,Auchtermuchty,56.29158,-3.23428,GB
2656803,Auchterarder,56.29612,-3.70692,GB
2656818,Auchinleck,55.471569,-4.29337,GB
2656833,Atworth,51.392342,-2.19297,GB
2656837,Attleborough,52.512932,-1.45487,GB
2656848,Atherstone,52.575359,-1.54693,GB
2656855,Astwood Bank,52.25993,-1.93754,GB
2656864,Aston Clinton,51.800201,-0.7254,GB
2656891,Aspatria,54.765739,-3.32783,GB
2656907,Askern,53.61639,-1.15237,GB
2656908,Askam in Furness,54.183331,-3.21667,GB
2656914,Ashurst,50.932362,-0.32375,GB
2656924,Ashtead,51.308731,-0.29972,GB
2656952,Ashfordby,52.75,-0.95,GB
2656970,Ashby de la Zouch,52.746319,-1.4732,GB
2656977,Ashburton,50.515591,-3.75572,GB
2656981,Ashbourne,53.01667,-1.73333,GB
2656985,Ash,52.950001,-2.65,GB
2656997,Arundel,50.854229,-0.55393,GB
2657029,Arnside,54.20179,-2.83374,GB
2657051,Armthorpe,53.535179,-1.05341,GB
2657054,Armitage,52.741928,-1.88266,GB
2657067,Armadale,55.883331,-3.7,GB
2657073,Arlesey,52.00713,-0.26565,GB
2657125,Ardrossan,55.650181,-4.80659,GB
2657216,Arborfield,51.401428,-0.92006,GB
2657224,Appley Bridge,53.577808,-2.7209,GB
2657233,Appledore,51.049999,-4.2,GB
2657240,Appleby,53.616669,-0.56667,GB
2657267,Anstruther,56.223148,-2.70229,GB
2657268,Anstey,52.650002,-1.18333,GB
2657282,Annfield Plain,54.857491,-1.73827,GB
2657337,Ampthill,52.026939,-0.49567,GB
2657345,Ammanford,51.792789,-3.98833,GB
2657347,Amlwch,53.409859,-4.34712,GB
2657355,Amesbury,51.171719,-1.77897,GB
2657360,Ambleside,54.43261,-2.96167,GB
2657362,Amble,55.333328,-1.58333,GB
2657374,Alyth,56.622089,-3.23005,GB
2657395,Alvechurch,52.35173,-1.96531,GB
2657430,Alsager,53.096169,-2.30649,GB
2657432,Alrewas,52.73278,-1.74968,GB
2657433,Alresford,51.853889,1.00203,GB
2657438,Alnwick,55.413181,-1.70563,GB
2657445,Alness,57.695961,-4.2551,GB
2657509,Alford,57.232571,-2.70298,GB
2657513,Alexandria,55.99379,-4.5864,GB
2657546,Alderley Edge,53.303928,-2.23773,GB
2657548,Alderholt,50.916672,-1.83333,GB
2657551,Alderbury,51.043541,-1.73382,GB
2657557,Aldeburgh,52.152592,1.60124,GB
2657566,Alcester,52.216671,-1.86667,GB
2657571,Albrighton,52.633331,-2.26667,GB
2657634,Ahoghill,54.866669,-6.36667,GB
2657668,Adlington,53.613232,-2.60676,GB
2657676,Addlestone,51.371349,-0.49353,GB
2657680,Addingham,53.944519,-1.88424,GB
2657684,Adderbury,52.016899,-1.31192,GB
2657704,Acle,52.63681,1.54757,GB
2657774,Abram,53.508549,-2.59266,GB
2657775,Aboyne,57.075459,-2.78023,GB
2657784,Abertillery,51.729809,-3.13432,GB
2657804,Aberkenfig,51.540001,-3.59556,GB
2657815,Abergavenny,51.82098,-3.01743,GB
2657820,Aberfeldy,56.619999,-3.86453,GB
2657844,Abercarn,51.647331,-3.13476,GB
2657863,Abbots Langley,51.70573,-0.41757,GB
3209552,Benllech,53.320438,-4.22607,GB
3236250,Shiremoor,55.035351,-1.5095,GB
3345096,Flexbury,50.835091,-4.54499,GB
3345189,Tumble,51.783611,-4.10972,GB
3345234,Southgate,51.569439,-4.08972,GB
3345279,Price Town,51.61832,-3.53662,GB
3345280,Ogmore Vale,51.602299,-3.54217,GB
3345283,Tonypandy,51.622021,-3.45544,GB
3345315,Abertridwr,51.595829,-3.26833,GB
3345316,Beddau,51.553982,-3.35814,GB
3345319,Cwmbach,51.705559,-3.40944,GB
3345375,Woolavington,51.164928,-2.93814,GB
3345395,Pucklechurch,51.485828,-2.43389,GB
3345396,Peasedown Saint John,51.316669,-2.42417,GB
3345400,Severn Beach,51.56036,-2.66279,GB
3345403,Easton-in-Gordano,51.475922,-2.69987,GB
6269326,Lamesley,54.915668,-1.60945,GB
6269591,Barlby,53.799641,-1.04061,GB
6301958,Blackmoorfoot,53.614231,-1.85588,GB
6301962,Meltham Mills,53.59388,-1.83989,GB
6453268,Breighton,53.796879,-0.92415,GB
6457269,Fontwell,50.855202,-0.64831,GB
6545174,Kennington,51.487961,-0.10566,GB
6545250,Lambeth,51.496349,-0.11152,GB
6615508,Tankerton,51.363701,1.04913,GB
6615590,Cheadle Heath,53.401859,-2.19088,GB
6619766,Bradley Cross,51.274879,-2.76256,GB
6619985,Copthorne,51.13929,-0.11742,GB
6620367,Virginia Water,51.403431,-0.56651,GB
6620444,Gerrards Cross,51.586102,-0.55543,GB
6621541,Maidenbower,51.107811,-0.15286,GB
6621542,Furnace Green,51.107422,-0.16889,GB
6621545,Broadfield,51.097141,-0.20664,GB
6621546,Bewbush,51.103291,-0.22312,GB
6621547,Gossops Green,51.11105,-0.21728,GB
6621548,Langley Green,51.12817,-0.19835,GB
6640065,Bidford-on-avon,52.167252,-1.85652,GB
6640068,Westhill,57.15263,-2.27966,GB
6640069,Clarkston,55.785938,-4.27651,GB
6690167,Kings Hill,51.274368,0.40237,GB
6690565,Crouch End,51.579708,-0.12373,GB
6690574,Clerkenwell,51.52438,-0.11022,GB
6690581,Belsize Park,51.547668,-0.17228,GB
6690590,Barnsbury,51.540668,-0.11675,GB
6690593,Barbican,51.519878,-0.09446,GB
6690801,Grange Hill,51.611851,0.08612,GB
6690802,Collier Row,51.59893,0.166,GB
6690805,Elm Park,51.549702,0.20136,GB
6690808,Chafford Hundred,51.489201,0.2944,GB
6690812,Chadwell St Mary,51.4814,0.36343,GB
6690830,Ditton Hill,51.386238,-0.32495,GB
6690831,Hinchley Wood,51.374611,-0.33838,GB
6690865,Hainault,51.60836,0.10716,GB
6690868,Harold Wood,51.59462,0.23294,GB
6690869,Chadwell Heath,51.571209,0.13271,GB
6691216,Cheetham Hill,53.498619,-2.23846,GB
6691221,Crumpsall,53.518269,-2.24447,GB
6691222,Blackley,53.517651,-2.21443,GB
6691237,Hollingworth,53.632881,-2.11083,GB
6691251,Burnage,53.432652,-2.19967,GB
6691252,Fallowfield,53.439812,-2.21572,GB
6691253,Heaton Chapel,53.430149,-2.17538,GB
6691255,Haughton Green,53.441181,-2.09827,GB
6691257,Hulme,53.465721,-2.24885,GB
6691951,Clayton-le-Woods,53.696892,-2.66818,GB
6692466,Brixton Hill,51.452129,-0.123,GB
6692918,Featherstone,52.644829,-2.09315,GB
6692919,Belmont,52.042721,-2.74169,GB
6692920,Calcot,51.440578,-1.05091,GB
6693001,Benwell,54.972961,-1.66926,GB
6693007,Earl Shilton,52.57682,-1.31536,GB
6693100,Bay Horse,53.96867,-2.77603,GB
6693203,Colden Common,50.994831,-1.31143,GB
6693236,Charvil,51.475731,-0.88591,GB
6693239,Essington,52.629101,-2.0577,GB
6693242,Bordon,51.113571,-0.86245,GB
6693668,Larkfield,51.294559,0.42615,GB
6693776,Greenhill,51.58342,-0.3386,GB
6693989,Grappenhall,53.37204,-2.54675,GB
6694830,Eaglescliffe,54.525211,-1.35043,GB
6695249,Ash,51.278831,1.27974,GB
6695949,Winscombe,51.31321,-2.83177,GB
6696027,Chiseldon,51.51606,-1.73206,GB
6696635,Southchurch Village,51.540489,0.72935,GB
6696772,Darras Hall,55.035599,-1.76425,GB
6697375,Donnington,51.951351,-1.72142,GB
6698329,Appleton Thorn,53.350449,-2.54488,GB
6698373,Chelmsley Wood,52.4781,-1.73813,GB
6930866,Crawley Down,51.120609,-0.0773,GB
6931071,Grange-over-Sands,54.196468,-2.90433,GB
6940296,Cowplain,50.894112,-1.01824,GB
6940298,Ruardean,51.855011,-2.55054,GB
6940518,Canford Heath,50.750999,-1.96862,GB
6941037,High Barnet,51.656212,-0.20768,GB
6941086,Balsall Common,52.391861,-1.6504,GB
6941089,Ingleton,54.153919,-2.46849,GB
6946746,Penparcau,52.403332,-4.07417,GB
6947746,Alderney,49.7136,-2.19958,GB
6950979,Eversley,51.35387,-0.88888,GB
7290043,Isle Of Mull,56.446892,-5.77126,GB
7302135,Abbey Wood,51.486881,0.10746,GB
7521859,Seer Green,51.617962,-0.60592,GB
8128721,Peacehaven,50.792702,-0.00652,GB
8224207,Appleby-in-Westmorland,54.577042,-2.48978,GB
8224780,Cradley Heath,52.472141,-2.08212,GB
8224782,Shirley,52.41074,-1.81952,GB
8224783,Stanley,54.867962,-1.69846,GB
8224784,Stockton Heath,53.370838,-2.57406,GB
8260052,Pontyclun,51.521622,-3.39145,GB
8260056,Pentre,51.654289,-3.49133,GB
8260059,Catterick Garrison,54.37748,-1.72232,GB
